Course Name,Course Code,Location,Duration,Credit Points,Course Url
Bachelor of Environments,B-ENVS,"Parkville, On Campus",36 months full-time or 72 months part-time,300,https://handbook.unimelb.edu.au/2024/courses/b-envs
Bachelor of Arts,B-ARTS,"Parkville, On Campus",36 months full-time or 72 months part-time,300,https://handbook.unimelb.edu.au/2024/courses/b-arts
Bachelor of Science,B-SCI,"Parkville, On Campus",36 months full-time or 72 months part-time,300,https://handbook.unimelb.edu.au/2024/courses/b-sci
Bachelor of Agriculture,B-AGR,"Parkville, On Campus",36 months full-time or 72 months part-time,300,https://handbook.unimelb.edu.au/2024/courses/b-agr
Bachelor of Commerce,B-COM,"Parkville, On Campus",36 months full-time or 72 months part-time,300,https://handbook.unimelb.edu.au/2024/courses/b-com
Bachelor of Music,B-MUS,"Southbank, On Campus",36 months full-time or 72 months part-time,300,https://handbook.unimelb.edu.au/2024/courses/b-mus
Bachelor of Design,B-DES,"Parkville, On Campus",36 months full-time or 72 months part-time,300,https://handbook.unimelb.edu.au/2024/courses/b-des
Bachelor of Biomedicine,B-BMED,"Parkville, On Campus",36 months full-time or 72 months part-time,300,https://handbook.unimelb.edu.au/2024/courses/b-bmed
Master of Clinical Research,N01AA,"Parkville, On Campus",18 months full-time or 36 months part-time,150,https://handbook.unimelb.edu.au/2024/courses/n01aa
Graduate Diploma in Clinical Education,GD-CLINED,"Parkville, On Campus",24 months part-time,100,https://handbook.unimelb.edu.au/2024/courses/gd-clined
"Doctor of Philosophy - Medicine, Dentistry and Health Sciences",DR-PHILMDH,"Parkville, On Campus","4 years full-time, or equivalent part-time —",None,https://handbook.unimelb.edu.au/2024/courses/dr-philmdh
Graduate Certificate in Clinical Education,GC-CLINED,"Parkville, Mixed Attendance Mode",12 months part-time,50,https://handbook.unimelb.edu.au/2024/courses/gc-clined
Master of Primary Health Care,546AA,"Parkville, On Campus","2 years full-time, or equivalent part-time —",None,https://handbook.unimelb.edu.au/2024/courses/546aa
Graduate Certificate in Primary Care Nursing,GC-PCN,"Parkville, Mixed Attendance Mode",6 months full-time or 12 months part-time,50,https://handbook.unimelb.edu.au/2024/courses/gc-pcn
Master of Commerce (Actuarial Science),MC-COMACTS,"Parkville, On Campus",18 months full-time or 36 months part-time,150,https://handbook.unimelb.edu.au/2024/courses/mc-comacts
Master of Philosophy - MDHS (Medicine),MR-PHILMED,"Parkville, On Campus","2 years full-time, or equivalent part-time —",None,https://handbook.unimelb.edu.au/2024/courses/mr-philmed
Master of Clinical Education,MC-CLINED,"Parkville, On Campus",36 months part-time,150,https://handbook.unimelb.edu.au/2024/courses/mc-clined
Master of Genetic Counselling,MC-GENCOUN,"Parkville, On Campus",24 months full-time or 36 months part-time,200,https://handbook.unimelb.edu.au/2024/courses/mc-gencoun
Specialist Certificate in Paediatric Critical Care Nursing,SC-PAECCN,Online,6 months part-time,25,https://handbook.unimelb.edu.au/2024/courses/sc-paeccn
Doctor of Optometry,MC-DOPTOM,"Parkville, On Campus",48 months full-time,400,https://handbook.unimelb.edu.au/2024/courses/mc-doptom
Graduate Certificate in English for the Global Workplace,GC-ENGGWRK,"Parkville, On Campus",12 months part-time,50,https://handbook.unimelb.edu.au/2024/courses/gc-enggwrk
Master of Philosophy - Law,MR-PHILLAW,"Parkville, On Campus","2 years full-time, or equivalent part-time —",None,https://handbook.unimelb.edu.au/2024/courses/mr-phillaw
Master of Analytics Management,MC-ANAMGT,"Parkville, On Campus",18 months full-time,150,https://handbook.unimelb.edu.au/2024/courses/mc-anamgt
Doctor of Laws,DH-LLD,,0 months full-time or 0 months part-time,None,https://handbook.unimelb.edu.au/2024/courses/dh-lld
Master of Entrepreneurship (Enhanced),MC-ETRENH,"Parkville, On Campus",18 months full-time or 36 months part-time,150,https://handbook.unimelb.edu.au/2024/courses/mc-etrenh
Graduate Diploma in Biomedical Science,GD-BMEDSC,"Parkville, On Campus",12 months full-time or 24 months part-time,100,https://handbook.unimelb.edu.au/2024/courses/gd-bmedsc
Graduate Certificate in Bushfire Planning and Management,GC-BFIREPM,"Parkville, On Campus",12 months part-time,50,https://handbook.unimelb.edu.au/2024/courses/gc-bfirepm
Graduate Diploma in Computer Science,GD-CS,"Parkville, On Campus",12 months full-time or 24 months part-time,100,https://handbook.unimelb.edu.au/2024/courses/gd-cs
Graduate Certificate in Aboriginal Health in Rural Communities,GC-AHRC,"Shepparton, On Campus",12 months part-time,50,https://handbook.unimelb.edu.au/2024/courses/gc-ahrc
Master of Theatre (Writing),MC-THTRWRI,"Southbank, On Campus",12 months full-time,100,https://handbook.unimelb.edu.au/2024/courses/mc-thtrwri
Master of Philosophy - Science,MR-PHILSCI,"Parkville, On Campus","2 years full-time, or equivalent part-time —",None,https://handbook.unimelb.edu.au/2024/courses/mr-philsci
Graduate Certificate in Physiotherapy (Exercise and Women's Health),GC-PHTYEWH,"Parkville, On Campus",12 months part-time,50,https://handbook.unimelb.edu.au/2024/courses/gc-phtyewh
Master of Science (Epidemiology),MC-SCIEPI,"Parkville, On Campus",24 months full-time or 48 months part-time,200,https://handbook.unimelb.edu.au/2024/courses/mc-sciepi
Master of Entrepreneurship,MC-ENTRPSP,"Parkville, On Campus",12 months full-time or 24 months part-time,100,https://handbook.unimelb.edu.au/2024/courses/mc-entrpsp
Graduate Certificate in Agricultural Sciences,GC-AGSC,"Parkville, On Campus",6 months full-time or 12 months part-time,50,https://handbook.unimelb.edu.au/2024/courses/gc-agsc
Doctor of Philosophy - Business and Economics,DR-PHILBE,"Parkville, On Campus","4 years full-time, or equivalent part-time —",None,https://handbook.unimelb.edu.au/2024/courses/dr-philbe
Bachelor of Agriculture (Degree with Honours),BH-AGR,"Parkville, On Campus",12 months full-time,100,https://handbook.unimelb.edu.au/2024/courses/bh-agr
Specialist Certificate in Empowering Health in Aboriginal Communities,SC-EHAC,"Shepparton, On Campus",12 months part-time,25,https://handbook.unimelb.edu.au/2024/courses/sc-ehac
Specialist Certificate in Public Health,SC-PUBHLTH,"Parkville, Mixed Attendance Mode",6 months part-time,25,https://handbook.unimelb.edu.au/2024/courses/sc-pubhlth
Graduate Certificate in Supply Chain and Operations Management,GC-SCOM,"Parkville, On Campus",12 months part-time,50,https://handbook.unimelb.edu.au/2024/courses/gc-scom
Specialist Certificate in Research Practice (HASS),SC-RPHASS,Off Campus,6 months part-time,25,https://handbook.unimelb.edu.au/2024/courses/sc-rphass
Master of Theatre (Directing),MC-THTRDIR,"Southbank, On Campus",24 months full-time,200,https://handbook.unimelb.edu.au/2024/courses/mc-thtrdir
Master of Actuarial Science (Extended),MC-ACTSCEX,"Parkville, On Campus",24 months full-time or 48 months part-time,200,https://handbook.unimelb.edu.au/2024/courses/mc-actscex
Graduate Certificate in Public Health,GC-PUBHLTH,"Parkville, Mixed Attendance Mode",12 months part-time,50,https://handbook.unimelb.edu.au/2024/courses/gc-pubhlth
Master of Actuarial Science,MC-ACTSC,"Parkville, On Campus",18 months full-time or 36 months part-time,150,https://handbook.unimelb.edu.au/2024/courses/mc-actsc
Doctor of Music,DH-MUS,,0 months full-time or 0 months part-time,None,https://handbook.unimelb.edu.au/2024/courses/dh-mus
Master of Psychology (Clinical Neuropsychology)/Doctor of Philosophy,080CN,"Parkville, On Campus","4 years full-time, or equivalent part-time —",None,https://handbook.unimelb.edu.au/2024/courses/080cn
Doctor of Agricultural Science,DH-AGRSC,,0 months full-time or 0 months part-time,None,https://handbook.unimelb.edu.au/2024/courses/dh-agrsc
Graduate Certificate in Professional Skills for Scientists,GC-PROFSC,"Parkville, On Campus",6 months full-time or 12 months part-time,50,https://handbook.unimelb.edu.au/2024/courses/gc-profsc
Doctor of Philosophy - Science,DR-PHILSCI,"Parkville, On Campus","4 years full-time, or equivalent part-time —",None,https://handbook.unimelb.edu.au/2024/courses/dr-philsci
Doctor of Philosophy - Agricultural Sciences,DR-PHILAGR,"Parkville, On Campus","4 years full-time, or equivalent part-time —",None,https://handbook.unimelb.edu.au/2024/courses/dr-philagr
Graduate Certificate in Adolescent Health and Wellbeing,GC-ADOLHW,Online,12 months part-time,50,https://handbook.unimelb.edu.au/2024/courses/gc-adolhw
Specialist Certificate in Public Administration (Advanced),SC-PAADV,Off Campus,12 months part-time,25,https://handbook.unimelb.edu.au/2024/courses/sc-paadv
Doctor of Veterinary Science,DH-VSC,,0 months full-time or 0 months part-time,None,https://handbook.unimelb.edu.au/2024/courses/dh-vsc
Specialist Certificate in Urban and Cultural Heritage,SC-UCH,"Parkville, On Campus",6 months part-time,25,https://handbook.unimelb.edu.au/2024/courses/sc-uch
Graduate Certificate in Sustainable Business,GC-SUSTBUS,"Parkville, On Campus",12 months part-time,50,https://handbook.unimelb.edu.au/2024/courses/gc-sustbus
Graduate Certificate in Green Infrastructure,GC-GRINFRA,"Burnley, On Campus",12 months part-time,50,https://handbook.unimelb.edu.au/2024/courses/gc-grinfra
Graduate Diploma in Economics,GD-ECO,"Parkville, On Campus",12 months full-time or 24 months part-time,100,https://handbook.unimelb.edu.au/2024/courses/gd-eco
Doctor of Philosophy - Indigenous Knowledge,DR-PHILIK,"Parkville, On Campus","4 years full-time, or equivalent part-time —",None,https://handbook.unimelb.edu.au/2024/courses/dr-philik
Graduate Diploma in Property Valuation,702PA,"Parkville, On Campus",12 months full-time or 24 months part-time,100,https://handbook.unimelb.edu.au/2024/courses/702pa
Graduate Diploma in Clinical Psychology,GD-CLINPSY,"Parkville, On Campus",24 months part-time,100,https://handbook.unimelb.edu.au/2024/courses/gd-clinpsy
Graduate Certificate in Green Infrastructure,GC-GRINFRA,"Burnley, On Campus",12 months part-time,50,https://handbook.unimelb.edu.au/2024/courses/gc-grinfra
Graduate Diploma in Property Valuation,702PA,"Parkville, On Campus",12 months full-time or 24 months part-time,100,https://handbook.unimelb.edu.au/2024/courses/702pa
Graduate Diploma in Economics,GD-ECO,"Parkville, On Campus",12 months full-time or 24 months part-time,100,https://handbook.unimelb.edu.au/2024/courses/gd-eco
Specialist Certificate in Research Practice for Scientists,SC-RESPRSC,Off Campus,6 months part-time,25,https://handbook.unimelb.edu.au/2024/courses/sc-resprsc
Master of Advanced Nursing Practice (Nurse Practitioner),MC-ANPNP,"Parkville, On Campus",24 months part-time,100,https://handbook.unimelb.edu.au/2024/courses/mc-anpnp
Doctor of Visual and Performing Arts,DH-VPA,,0 months part-time or 0 months full-time,None,https://handbook.unimelb.edu.au/2024/courses/dh-vpa
Master of Applied Econometrics,MC-AEMTRCS,"Parkville, On Campus",18 months full-time or 36 months part-time,150,https://handbook.unimelb.edu.au/2024/courses/mc-aemtrcs
Graduate Certificate in Visual Art,842AA,"Southbank, On Campus",12 months part-time,50,https://handbook.unimelb.edu.au/2024/courses/842aa
Graduate Diploma in Actuarial Science,GD-ACTSC,"Parkville, On Campus",12 months full-time or 24 months part-time,100,https://handbook.unimelb.edu.au/2024/courses/gd-actsc
Graduate Diploma in Agricultural Sciences,GD-AGSC,"Parkville, On Campus",12 months full-time or 24 months part-time,100,https://handbook.unimelb.edu.au/2024/courses/gd-agsc
Graduate Certificate in Marketing,423AA,"Parkville, On Campus",12 months part-time,50,https://handbook.unimelb.edu.au/2024/courses/423aa
Master of Energy Systems,MC-ENGYSYS,"Parkville, On Campus",18 months full-time or 36 months part-time,150,https://handbook.unimelb.edu.au/2024/courses/mc-engysys
Master of Speech Pathology,MC-SPCHPTH,"Parkville, On Campus",24 months full-time,200,https://handbook.unimelb.edu.au/2024/courses/mc-spchpth
Graduate Diploma in Journalism (Advanced),GDA-JOURN,"Parkville, On Campus",12 months full-time or 24 months part-time,100,https://handbook.unimelb.edu.au/2024/courses/gda-journ
Graduate Certificate in Business Analytics,GC-BUSANA,"Parkville, On Campus",12 months part-time,50,https://handbook.unimelb.edu.au/2024/courses/gc-busana
Professional Certificate in Introductory Academic Program,PR-IAP,"Parkville, On Campus",6 months part-time,25,https://handbook.unimelb.edu.au/2024/courses/pr-iap
Specialist Certificate in Disaster and Terror Medicine,SC-DTM,"Parkville, On Campus",6 months part-time,25,https://handbook.unimelb.edu.au/2024/courses/sc-dtm
Graduate Certificate in Entrepreneurship,GC-ENTR,"Parkville, On Campus",6 months full-time or 12 months part-time,50,https://handbook.unimelb.edu.au/2024/courses/gc-entr
Master of Screenwriting,MC-SCWR,"Southbank, On Campus",18 months full-time,150,https://handbook.unimelb.edu.au/2024/courses/mc-scwr
Master of Business Administration/Master of Marketing,MC-BAMKTG,"Parkville, On Campus",24 months full-time,300,https://handbook.unimelb.edu.au/2024/courses/mc-bamktg
Master of Theatre (Dramaturgy),MC-THTRDRA,"Southbank, On Campus",18 months full-time or 36 months part-time,150,https://handbook.unimelb.edu.au/2024/courses/mc-thtrdra
Master of Geoscience,MC-GEOSC,"Parkville, On Campus",24 months full-time or 48 months part-time,200,https://handbook.unimelb.edu.au/2024/courses/mc-geosc
Master of Economics,MC-ECO,"Parkville, On Campus",24 months full-time or 48 months part-time,200,https://handbook.unimelb.edu.au/2024/courses/mc-eco
Master of Philosophy - Agricultural Sciences,MR-PHILAGR,"Parkville, On Campus","2 years full-time, or equivalent part-time —",None,https://handbook.unimelb.edu.au/2024/courses/mr-philagr
Graduate Certificate in Physiotherapy (Paediatrics),GC-PHTYPAE,"Parkville, On Campus",12 months part-time,50,https://handbook.unimelb.edu.au/2024/courses/gc-phtypae
Master of Philosophy - Veterinary Science,MR-PHILVET,"Parkville, On Campus","2 years full-time, or equivalent part-time —",None,https://handbook.unimelb.edu.au/2024/courses/mr-philvet
Graduate Certificate in Business Analytics,GC-BUSANA,"Parkville, On Campus",12 months part-time,50,https://handbook.unimelb.edu.au/2024/courses/gc-busana
Master of Marketing,294FN,"Parkville, On Campus",12 months full-time,162,https://handbook.unimelb.edu.au/2024/courses/294fn
Graduate Diploma in Business Analytics,GD-BUSANA,"Parkville, On Campus",24 months part-time,100,https://handbook.unimelb.edu.au/2024/courses/gd-busana
Master of Actuarial Science (Enhanced),MC-ACTSCEN,"Parkville, On Campus",24 months full-time or 48 months part-time,200,https://handbook.unimelb.edu.au/2024/courses/mc-actscen
Graduate Diploma in Built Environments (Advanced),GDA-BLTENV,"Parkville, On Campus",12 months full-time or 24 months part-time,100,https://handbook.unimelb.edu.au/2024/courses/gda-bltenv
Master of Psychology (Clinical Psychology),527CL,"Parkville, On Campus",24 months full-time or 48 months part-time,200,https://handbook.unimelb.edu.au/2024/courses/527cl
Master of Advanced Nursing Practice (Nurse Practitioner),MC-ANPNP,"Parkville, On Campus",24 months part-time,100,https://handbook.unimelb.edu.au/2024/courses/mc-anpnp
Graduate Certificate in Visual Art,842AA,"Southbank, On Campus",12 months part-time,50,https://handbook.unimelb.edu.au/2024/courses/842aa
Graduate Diploma in Actuarial Science,GD-ACTSC,"Parkville, On Campus",12 months full-time or 24 months part-time,100,https://handbook.unimelb.edu.au/2024/courses/gd-actsc
Graduate Certificate in Domestic & Gender-Based Violence Research and Practice,GC-DGBVRP,Online,12 months part-time,50,https://handbook.unimelb.edu.au/2024/courses/gc-dgbvrp
Diploma in Mathematical Sciences,D-MATHSC,"Parkville, On Campus",12 months full-time or 24 months part-time,100,https://handbook.unimelb.edu.au/2024/courses/d-mathsc
Graduate Diploma in Agricultural Sciences,GD-AGSC,"Parkville, On Campus",12 months full-time or 24 months part-time,100,https://handbook.unimelb.edu.au/2024/courses/gd-agsc
Doctor of Visual and Performing Arts,DH-VPA,,0 months part-time or 0 months full-time,None,https://handbook.unimelb.edu.au/2024/courses/dh-vpa
Graduate Certificate in Physiotherapy (Pelvic Floor Physiotherapy),GC-PHTYPFP,"Parkville, On Campus",12 months part-time,50,https://handbook.unimelb.edu.au/2024/courses/gc-phtypfp
Graduate Diploma in Built Environments (Advanced),GDA-BLTENV,"Parkville, On Campus",12 months full-time or 24 months part-time,100,https://handbook.unimelb.edu.au/2024/courses/gda-bltenv
Graduate Diploma in Psychology (Advanced),GDA-PSYCH,"Parkville, On Campus",12 months full-time or 24 months part-time,100,https://handbook.unimelb.edu.au/2024/courses/gda-psych
Master of Applied Econometrics (Enhanced),MC-AECOENH,"Parkville, On Campus",24 months full-time or 48 months part-time,200,https://handbook.unimelb.edu.au/2024/courses/mc-aecoenh
Master of Science (Earth Sciences),MC-SCIEAR,"Parkville, On Campus",24 months full-time or 48 months part-time,200,https://handbook.unimelb.edu.au/2024/courses/mc-sciear
Graduate Certificate in Domestic & Gender-Based Violence Research and Practice,GC-DGBVRP,Online,12 months part-time,50,https://handbook.unimelb.edu.au/2024/courses/gc-dgbvrp
Diploma in Mathematical Sciences,D-MATHSC,"Parkville, On Campus",12 months full-time or 24 months part-time,100,https://handbook.unimelb.edu.au/2024/courses/d-mathsc
Graduate Diploma in Veterinary Professional Leadership and Management,GD-VPLMGT,"Parkville, On Campus",12 months full-time or 24 months part-time,100,https://handbook.unimelb.edu.au/2024/courses/gd-vplmgt
Master of Business Administration/Master of Marketing,MC-BAMKTG,"Parkville, On Campus",24 months full-time,300,https://handbook.unimelb.edu.au/2024/courses/mc-bamktg
Master of Engineering Structures,746ST,"Parkville, On Campus",12 months full-time or 24 months part-time,100,https://handbook.unimelb.edu.au/2024/courses/746st
Master of Science (Physics),MC-SCIPHY,"Parkville, On Campus",24 months full-time or 48 months part-time,200,https://handbook.unimelb.edu.au/2024/courses/mc-sciphy
Professional Certificate in Supply Chain Management,PR-SCM,Online,6 months part-time,25,https://handbook.unimelb.edu.au/2024/courses/pr-scm
Professional Certificate in Analytics Management,PR-ANAMGT,"Parkville, On Campus",6 months part-time,25,https://handbook.unimelb.edu.au/2024/courses/pr-anamgt
Master of Geoscience,MC-GEOSC,"Parkville, On Campus",24 months full-time or 48 months part-time,200,https://handbook.unimelb.edu.au/2024/courses/mc-geosc
Master of Economics,MC-ECO,"Parkville, On Campus",24 months full-time or 48 months part-time,200,https://handbook.unimelb.edu.au/2024/courses/mc-eco
Master of Philosophy - Agricultural Sciences,MR-PHILAGR,"Parkville, On Campus","2 years full-time, or equivalent part-time —",None,https://handbook.unimelb.edu.au/2024/courses/mr-philagr
Graduate Certificate in Physiotherapy (Paediatrics),GC-PHTYPAE,"Parkville, On Campus",12 months part-time,50,https://handbook.unimelb.edu.au/2024/courses/gc-phtypae
Master of Theatre (Dramaturgy),MC-THTRDRA,"Southbank, On Campus",18 months full-time or 36 months part-time,150,https://handbook.unimelb.edu.au/2024/courses/mc-thtrdra
Master of Philosophy - Veterinary Science,MR-PHILVET,"Parkville, On Campus","2 years full-time, or equivalent part-time —",None,https://handbook.unimelb.edu.au/2024/courses/mr-philvet
Master of Industrial Research (Chemistry),MR-IRCHEM,"Parkville, On Campus","2 years full-time, or equivalent part-time —",None,https://handbook.unimelb.edu.au/2024/courses/mr-irchem
Graduate Certificate in Sexual Health,GC-SEXHLTH,"Parkville, Mixed Attendance Mode",12 months part-time,50,https://handbook.unimelb.edu.au/2024/courses/gc-sexhlth
Graduate Diploma in Business Analytics,GD-BUSANA,"Parkville, On Campus",24 months part-time,100,https://handbook.unimelb.edu.au/2024/courses/gd-busana
Master of Marketing,294FN,"Parkville, On Campus",12 months full-time,162,https://handbook.unimelb.edu.au/2024/courses/294fn
Graduate Certificate in Design for Health and Wellbeing,GC-DHW,"Parkville, Mixed Attendance Mode",12 months part-time,50,https://handbook.unimelb.edu.au/2024/courses/gc-dhw
Master of Philosophy - Law,MR-PHILLAW,"Parkville, On Campus","2 years full-time, or equivalent part-time —",None,https://handbook.unimelb.edu.au/2024/courses/mr-phillaw
Master of Psychology (Clinical Neuropsychology),527CN,"Parkville, On Campus",24 months full-time or 48 months part-time,200,https://handbook.unimelb.edu.au/2024/courses/527cn
Master of Analytics Management,MC-ANAMGT,"Parkville, On Campus",18 months full-time,150,https://handbook.unimelb.edu.au/2024/courses/mc-anamgt
Graduate Diploma in Analytics Management,GD-ANAMGT,"Parkville, On Campus",12 months full-time,100,https://handbook.unimelb.edu.au/2024/courses/gd-anamgt
Master of Environmental Science,MC-ENVSC,"Parkville, On Campus",24 months full-time or 48 months part-time,200,https://handbook.unimelb.edu.au/2024/courses/mc-envsc
Doctor of Medicine,MC-DMED,"Parkville, On Campus",48 months full-time,400,https://handbook.unimelb.edu.au/2024/courses/mc-dmed
Graduate Certificate in Arboriculture,GC-ARBCULT,"Burnley, On Campus",12 months part-time,50,https://handbook.unimelb.edu.au/2024/courses/gc-arbcult
Graduate Diploma in Perioperative Medicine,GD-PERIMED,Online,12 months full-time or 24 months part-time,100,https://handbook.unimelb.edu.au/2024/courses/gd-perimed
Master of Clinical Ultrasound,MC-CU,Online,18 months full-time or 36 months part-time,150,https://handbook.unimelb.edu.au/2024/courses/mc-cu
Graduate Diploma in Clinical Research,N34AA,"Parkville, On Campus",12 months full-time or 24 months part-time,100,https://handbook.unimelb.edu.au/2024/courses/n34aa
Master of Climate Science,MC-CLIMSCI,"Parkville, On Campus",24 months full-time or 48 months part-time,200,https://handbook.unimelb.edu.au/2024/courses/mc-climsci
Graduate Certificate in Clinical Research,N12AA,"Parkville, On Campus",12 months part-time,50,https://handbook.unimelb.edu.au/2024/courses/n12aa
Graduate Certificate in Health Economics and Economic Evaluation,GC-HLTHEEE,"Parkville, Mixed Attendance Mode",18 months part-time,50,https://handbook.unimelb.edu.au/2024/courses/gc-hltheee
Graduate Diploma in Sports Law,893AA,"Parkville, On Campus",6 months full-time or 12 months part-time,50,https://handbook.unimelb.edu.au/2024/courses/893aa
Bachelor of Science (Extended),B-SCIEXT,"Parkville, On Campus",48 months full-time or 96 months part-time,400,https://handbook.unimelb.edu.au/2024/courses/b-sciext
Graduate Certificate in Gerontology,GC-GERON,Online,6 months full-time or 12 months part-time,50,https://handbook.unimelb.edu.au/2024/courses/gc-geron
Master of Environmental Science,MC-ENVSC,"Parkville, On Campus",24 months full-time or 48 months part-time,200,https://handbook.unimelb.edu.au/2024/courses/mc-envsc
Doctor of Medicine,MC-DMED,"Parkville, On Campus",48 months full-time,400,https://handbook.unimelb.edu.au/2024/courses/mc-dmed
Master of Clinical Ultrasound,MC-CU,Online,18 months full-time or 36 months part-time,150,https://handbook.unimelb.edu.au/2024/courses/mc-cu
Graduate Certificate in Arboriculture,GC-ARBCULT,"Burnley, On Campus",12 months part-time,50,https://handbook.unimelb.edu.au/2024/courses/gc-arbcult
Graduate Diploma in Perioperative Medicine,GD-PERIMED,Online,12 months full-time or 24 months part-time,100,https://handbook.unimelb.edu.au/2024/courses/gd-perimed
Graduate Diploma in Clinical Research,N34AA,"Parkville, On Campus",12 months full-time or 24 months part-time,100,https://handbook.unimelb.edu.au/2024/courses/n34aa
Master of Climate Science,MC-CLIMSCI,"Parkville, On Campus",24 months full-time or 48 months part-time,200,https://handbook.unimelb.edu.au/2024/courses/mc-climsci
Graduate Certificate in Clinical Research,N12AA,"Parkville, On Campus",12 months part-time,50,https://handbook.unimelb.edu.au/2024/courses/n12aa
Graduate Certificate in Health Economics and Economic Evaluation,GC-HLTHEEE,"Parkville, Mixed Attendance Mode",18 months part-time,50,https://handbook.unimelb.edu.au/2024/courses/gc-hltheee
Graduate Diploma in Sports Law,893AA,"Parkville, On Campus",6 months full-time or 12 months part-time,50,https://handbook.unimelb.edu.au/2024/courses/893aa
Graduate Certificate in Gerontology,GC-GERON,Online,6 months full-time or 12 months part-time,50,https://handbook.unimelb.edu.au/2024/courses/gc-geron
Specialist Certificate in Gerontology,SC-GERON,Online,6 months part-time,25,https://handbook.unimelb.edu.au/2024/courses/sc-geron
Bachelor of Science (Extended),B-SCIEXT,"Parkville, On Campus",48 months full-time or 96 months part-time,400,https://handbook.unimelb.edu.au/2024/courses/b-sciext
Graduate Certificate in Cancer Nursing,GC-CNCRNUR,Online,12 months part-time,50,https://handbook.unimelb.edu.au/2024/courses/gc-cncrnur
Master of Geography,MC-GEOG,"Parkville, On Campus",24 months full-time or 48 months part-time,200,https://handbook.unimelb.edu.au/2024/courses/mc-geog
Diploma in Music,D-MUSIC,"Parkville, On Campus",12 months full-time,100,https://handbook.unimelb.edu.au/2024/courses/d-music
Master of Science (BioSciences),MC-SCIBIO,"Parkville, On Campus",24 months full-time or 48 months part-time,200,https://handbook.unimelb.edu.au/2024/courses/mc-scibio
Bachelor of Oral Health,841AC,"Parkville, On Campus",36 months full-time,300,https://handbook.unimelb.edu.au/2024/courses/841ac
Graduate Certificate in Science Education (Years 7-10),GC-SCIED10,"Parkville, On Campus",12 months part-time,50,https://handbook.unimelb.edu.au/2024/courses/gc-scied10
Graduate Certificate in Mathematics Education (Years 7-10),GC-MTHED10,"Parkville, On Campus",12 months part-time,50,https://handbook.unimelb.edu.au/2024/courses/gc-mthed10
Master of Advanced Social Work,MC-ASW,Online,24 months part-time,100,https://handbook.unimelb.edu.au/2024/courses/mc-asw
Graduate Certificate in Genomics and Health,GC-GENOHLT,"Parkville, On Campus",6 months full-time or 12 months part-time,50,https://handbook.unimelb.edu.au/2024/courses/gc-genohlt
Master of Music Therapy,M04AA,"Southbank, Mixed Attendance Mode",24 months full-time or 48 months part-time,200,https://handbook.unimelb.edu.au/2024/courses/m04aa
Master of Data Science,MC-DATASC,"Parkville, On Campus",24 months full-time or 48 months part-time,200,https://handbook.unimelb.edu.au/2024/courses/mc-datasc
Graduate Diploma in Clinical Dentistry,031AA,"Parkville, On Campus",12 months full-time,100,https://handbook.unimelb.edu.au/2024/courses/031aa
Graduate Certificate in Garden Design,GC-GARDES,"Burnley, On Campus",12 months part-time,50,https://handbook.unimelb.edu.au/2024/courses/gc-gardes
Graduate Diploma in Urban Horticulture,GD-URBHORT,"Burnley, On Campus",12 months full-time or 24 months part-time,100,https://handbook.unimelb.edu.au/2024/courses/gd-urbhort
Master of Clinical Audiology,305BB,"Parkville, On Campus",24 months full-time,200,https://handbook.unimelb.edu.au/2024/courses/305bb
Graduate Certificate in Urban Horticulture,GC-URBHORT,"Burnley, On Campus",12 months part-time,50,https://handbook.unimelb.edu.au/2024/courses/gc-urbhort
Master of Supply Chain Management,MC-SCM150,Online,18 months full-time or 36 months part-time,150,https://handbook.unimelb.edu.au/2024/courses/mc-scm150
Graduate Diploma in Data Science,GD-DATASC,"Parkville, On Campus",12 months full-time or 24 months part-time,100,https://handbook.unimelb.edu.au/2024/courses/gd-datasc
Master of Finance,MC-FINANCE,"Parkville, On Campus",18 months full-time or 36 months part-time,150,https://handbook.unimelb.edu.au/2024/courses/mc-finance
Master of Finance (Enhanced),MC-FINENH,"Parkville, On Campus",24 months full-time or 48 months part-time,200,https://handbook.unimelb.edu.au/2024/courses/mc-finenh
Master of Commerce (Management),MC-COMMGMT,"Parkville, On Campus",24 months full-time or 48 months part-time,200,https://handbook.unimelb.edu.au/2024/courses/mc-commgmt
Master of Ecosystem Management and Conservation,MC-ECOSMC,"Parkville, On Campus",24 months full-time or 48 months part-time,200,https://handbook.unimelb.edu.au/2024/courses/mc-ecosmc
Master of Commerce (Accounting),MC-COMACT,"Parkville, On Campus",24 months full-time or 48 months part-time,200,https://handbook.unimelb.edu.au/2024/courses/mc-comact
Master of Commerce (Finance),MC-COMFIN,"Parkville, On Campus",24 months full-time,200,https://handbook.unimelb.edu.au/2024/courses/mc-comfin
Master of Commerce (Marketing),MC-COMMKTG,"Parkville, On Campus",24 months full-time or 48 months part-time,200,https://handbook.unimelb.edu.au/2024/courses/mc-commktg
"Master of Commerce (Decision, Risk and Financial Sciences)",MC-COMDRFS,"Parkville, On Campus",24 months full-time,200,https://handbook.unimelb.edu.au/2024/courses/mc-comdrfs
Graduate Certificate in Modern Languages Education,GC-MLED,"Parkville, On Campus",6 months full-time or 12 months part-time,50,https://handbook.unimelb.edu.au/2024/courses/gc-mled
Master of Supply Chain Management,MC-SCM150,Online,18 months full-time or 36 months part-time,150,https://handbook.unimelb.edu.au/2024/courses/mc-scm150
Graduate Diploma in Data Science,GD-DATASC,"Parkville, On Campus",12 months full-time or 24 months part-time,100,https://handbook.unimelb.edu.au/2024/courses/gd-datasc
Master of Finance,MC-FINANCE,"Parkville, On Campus",18 months full-time or 36 months part-time,150,https://handbook.unimelb.edu.au/2024/courses/mc-finance
Master of Finance (Enhanced),MC-FINENH,"Parkville, On Campus",24 months full-time or 48 months part-time,200,https://handbook.unimelb.edu.au/2024/courses/mc-finenh
Master of Commerce (Accounting),MC-COMACT,"Parkville, On Campus",24 months full-time or 48 months part-time,200,https://handbook.unimelb.edu.au/2024/courses/mc-comact
Master of Commerce (Finance),MC-COMFIN,"Parkville, On Campus",24 months full-time,200,https://handbook.unimelb.edu.au/2024/courses/mc-comfin
Master of Commerce (Management),MC-COMMGMT,"Parkville, On Campus",24 months full-time or 48 months part-time,200,https://handbook.unimelb.edu.au/2024/courses/mc-commgmt
Master of Commerce (Marketing),MC-COMMKTG,"Parkville, On Campus",24 months full-time or 48 months part-time,200,https://handbook.unimelb.edu.au/2024/courses/mc-commktg
"Master of Commerce (Decision, Risk and Financial Sciences)",MC-COMDRFS,"Parkville, On Campus",24 months full-time,200,https://handbook.unimelb.edu.au/2024/courses/mc-comdrfs
Master of Ecosystem Management and Conservation,MC-ECOSMC,"Parkville, On Campus",24 months full-time or 48 months part-time,200,https://handbook.unimelb.edu.au/2024/courses/mc-ecosmc
Professional Certificate in Applied Data Analytics,PR-APPDA,Online,6 months part-time,25,https://handbook.unimelb.edu.au/2024/courses/pr-appda
Graduate Certificate in Applied Data Analytics,GC-APPDA,Online,12 months part-time,50,https://handbook.unimelb.edu.au/2024/courses/gc-appda
Graduate Certificate in Urban and Cultural Heritage,GC-UCH,"Parkville, On Campus",12 months part-time,50,https://handbook.unimelb.edu.au/2024/courses/gc-uch
Graduate Diploma in Surgical Anatomy,GD-SURGANT,"Parkville, On Campus",12 months full-time or 24 months part-time,100,https://handbook.unimelb.edu.au/2024/courses/gd-surgant
Graduate Certificate in Advanced Social Work,GC-ASW,Online,12 months part-time,50,https://handbook.unimelb.edu.au/2024/courses/gc-asw
Master of Philosophy - MDHS (Dental Science),MR-PHILDSC,"Parkville, On Campus","2 years full-time, or equivalent part-time —",None,https://handbook.unimelb.edu.au/2024/courses/mr-phildsc
Master of Advanced Social Work,J17RE,"Parkville, On Campus","2 years full-time, or equivalent part-time —",None,https://handbook.unimelb.edu.au/2024/courses/j17re
Master of Philosophy - MDHS (Biomedical Science),MR-PHILBMS,"Parkville, On Campus","2 years full-time, or equivalent part-time —",None,https://handbook.unimelb.edu.au/2024/courses/mr-philbms
Master of Surgery,552AA,"Parkville, On Campus","2 years full-time, or equivalent part-time —",None,https://handbook.unimelb.edu.au/2024/courses/552aa
Master of Philosophy - MDHS (Health Sciences),MR-PHILHLT,"Parkville, On Campus","2 years full-time, or equivalent part-time —",None,https://handbook.unimelb.edu.au/2024/courses/mr-philhlt
Master of Medicine,572AT,"Parkville, On Campus","2 years full-time, or equivalent part-time —",None,https://handbook.unimelb.edu.au/2024/courses/572at
Master of Philosophy - MDHS (Population and Global Health),MR-PHILPGH,"Parkville, On Campus","2 years full-time, or equivalent part-time —",None,https://handbook.unimelb.edu.au/2024/courses/mr-philpgh
Master of Philosophy - MDHS (Psychological Sciences),MR-PHILPSY,"Parkville, On Campus","2 years full-time, or equivalent part-time —",None,https://handbook.unimelb.edu.au/2024/courses/mr-philpsy
Juris Doctor,MC-JURISD,"Parkville, On Campus",36 months full-time or 72 months part-time,300,https://handbook.unimelb.edu.au/2024/courses/mc-jurisd
Master of Food Science,439FS,"Parkville, On Campus",24 months full-time or 48 months part-time,200,https://handbook.unimelb.edu.au/2024/courses/439fs
Master of Computer Science,MC-CS,"Parkville, On Campus",24 months full-time or 48 months part-time,200,https://handbook.unimelb.edu.au/2024/courses/mc-cs
Master of Mechatronics Engineering,MC-MTRNENG,"Parkville, On Campus",36 months full-time or 72 months part-time,300,https://handbook.unimelb.edu.au/2024/courses/mc-mtrneng
Master of Management (Accounting and Finance),MC-MGMTAFN,"Parkville, On Campus",24 months full-time or 48 months part-time,200,https://handbook.unimelb.edu.au/2024/courses/mc-mgmtafn
Doctor of Veterinary Medicine,MC-DVETMED,"Parkville, On Campus",48 months full-time,400,https://handbook.unimelb.edu.au/2024/courses/mc-dvetmed
Bachelor of Fine Arts (Theatre),B-FATH,"Southbank, On Campus",36 months full-time,300,https://handbook.unimelb.edu.au/2024/courses/b-fath
Bachelor of Fine Arts (Acting),B-FAACTING,"Southbank, On Campus",36 months full-time,300,https://handbook.unimelb.edu.au/2024/courses/b-faacting
Bachelor of Fine Arts (Film and Television),B-FAFILMTV,"Southbank, On Campus",36 months full-time,300,https://handbook.unimelb.edu.au/2024/courses/b-fafilmtv
Bachelor of Fine Arts (Screenwriting),B-FASCWRI,"Southbank, On Campus",36 months full-time,300,https://handbook.unimelb.edu.au/2024/courses/b-fascwri
Bachelor of Fine Arts (Music Theatre),B-FAMUSTH,"Southbank, On Campus",36 months full-time,300,https://handbook.unimelb.edu.au/2024/courses/b-famusth
Doctor of Medical Science,J15AA,"Parkville, On Campus","4 years full-time, or equivalent part-time —",None,https://handbook.unimelb.edu.au/2024/courses/j15aa
Bachelor of Fine Arts (Production),B-FAPRO,"Southbank, On Campus",36 months full-time,300,https://handbook.unimelb.edu.au/2024/courses/b-fapro
Bachelor of Fine Arts (Dance),B-FADANCE,"Southbank, On Campus",36 months full-time,300,https://handbook.unimelb.edu.au/2024/courses/b-fadance
Bachelor of Fine Arts (Animation),B-FAANIM,"Southbank, On Campus",36 months full-time,300,https://handbook.unimelb.edu.au/2024/courses/b-faanim
Master of Dance,MC-DNCE,"Southbank, On Campus",24 months full-time or 48 months part-time,200,https://handbook.unimelb.edu.au/2024/courses/mc-dnce
Master of Nursing Science,MC-NURSC,"Parkville, Mixed Attendance Mode",24 months full-time,200,https://handbook.unimelb.edu.au/2024/courses/mc-nursc
Master of Nursing Science,MC-NURSC,"Parkville, Mixed Attendance Mode",24 months full-time,200,https://handbook.unimelb.edu.au/2024/courses/mc-nursc
Master of Genomics and Health,MC-GENOHLT,"Parkville, On Campus",24 months full-time or 48 months part-time,200,https://handbook.unimelb.edu.au/2024/courses/mc-genohlt
Graduate Certificate in Innovation Practice,GC-INNOVP,"Parkville, On Campus",12 months part-time,50,https://handbook.unimelb.edu.au/2024/courses/gc-innovp
Master of Business Administration,MC-BAPTME,"Parkville, On Campus",24 months full-time,225,https://handbook.unimelb.edu.au/2024/courses/mc-baptme
Graduate Certificate in Indigenous Research and Leadership,GC-IRL,"Parkville, On Campus",18 months part-time,50,https://handbook.unimelb.edu.au/2024/courses/gc-irl
Graduate Certificate in Digital Transformation of Health,GC-DTHLTH,"Parkville, Mixed Attendance Mode",6 months full-time or 12 months part-time,50,https://handbook.unimelb.edu.au/2024/courses/gc-dthlth
Master of Psychology (Educational and Developmental),MC-PSYCHED,"Parkville, On Campus",24 months full-time or 48 months part-time,200,https://handbook.unimelb.edu.au/2024/courses/mc-psyched
Master of TESOL,MC-TESOL,"Parkville, On Campus",24 months full-time or 48 months part-time,200,https://handbook.unimelb.edu.au/2024/courses/mc-tesol
Graduate Diploma in Business Administration,GD-BA,"Parkville, On Campus",12 months full-time or 24 months part-time,112,https://handbook.unimelb.edu.au/2024/courses/gd-ba
Master of Business Analytics,MC-BUSANA,"Parkville, On Campus",12 months full-time or 36 months part-time,150,https://handbook.unimelb.edu.au/2024/courses/mc-busana
Master of Business Administration,MC-BA218,"Parkville, On Campus",24 months full-time or 48 months part-time,218,https://handbook.unimelb.edu.au/2024/courses/mc-ba218
Professional Certificate in Business Administration,PR-BA,"Parkville, On Campus",3 months part-time,25,https://handbook.unimelb.edu.au/2024/courses/pr-ba
Master of Business Administration,MC-BAEV,"Parkville, On Campus",18 months full-time,225,https://handbook.unimelb.edu.au/2024/courses/mc-baev
Master of Research,MR-RESMED,"Parkville, On Campus","2 years full-time, or equivalent part-time —",None,https://handbook.unimelb.edu.au/2024/courses/mr-resmed
Master of Marketing,294PN,"Parkville, On Campus",18 months full-time or 36 months part-time,162,https://handbook.unimelb.edu.au/2024/courses/294pn
Graduate Certificate in Business Administration,GC-BA,"Parkville, On Campus",6 months full-time or 12 months part-time,50,https://handbook.unimelb.edu.au/2024/courses/gc-ba
Graduate Diploma in Marketing,GD-MKTG,"Parkville, On Campus",12 months full-time or 24 months part-time,112,https://handbook.unimelb.edu.au/2024/courses/gd-mktg
Master of Education,960BA,"Parkville, On Campus","2 years full-time, or equivalent part-time —",None,https://handbook.unimelb.edu.au/2024/courses/960ba
Doctor of Education,300BB,"Parkville, On Campus","4 years full-time, or equivalent part-time —",None,https://handbook.unimelb.edu.au/2024/courses/300bb
Doctor of Philosophy - Education,DR-PHILEDU,"Parkville, On Campus","4 years full-time, or equivalent part-time —",None,https://handbook.unimelb.edu.au/2024/courses/dr-philedu
Master of Business Administration,MC-BAOL,Online,24 months full-time or 36 months part-time,218,https://handbook.unimelb.edu.au/2024/courses/mc-baol
Professional Certificate in Business Administration,PR-BAOL,Online,6 months part-time,25,https://handbook.unimelb.edu.au/2024/courses/pr-baol
Graduate Certificate in Business Administration,GC-BAOL,Online,6 months full-time or 12 months part-time,50,https://handbook.unimelb.edu.au/2024/courses/gc-baol
Master of Medicine (Radiology),572RC,"Parkville, On Campus",36 months part-time,100,https://handbook.unimelb.edu.au/2024/courses/572rc
Graduate Certificate in Dental Public Health,GC-DPHLTH,"Parkville, Mixed Attendance Mode",12 months part-time,50,https://handbook.unimelb.edu.au/2024/courses/gc-dphlth
Master of Science (Chemistry),MC-SCICHE,"Parkville, On Campus",24 months full-time or 48 months part-time,200,https://handbook.unimelb.edu.au/2024/courses/mc-sciche
Graduate Certificate in Dental Therapy (Advanced Clinical Practice),GC-DTACP,"Parkville, Mixed Attendance Mode",6 months full-time,50,https://handbook.unimelb.edu.au/2024/courses/gc-dtacp
Graduate Certificate in Business,GC-BUS,Online,6 months full-time or 12 months part-time,50,https://handbook.unimelb.edu.au/2024/courses/gc-bus
Master of Advanced Nursing Practice/Master of Public Health,MC-ADVNPPH,"Parkville, Mixed Attendance Mode",24 months full-time or 48 months part-time,200,https://handbook.unimelb.edu.au/2024/courses/mc-advnpph
Master of Advanced Nursing Practice,MC-ANP,"Parkville, Mixed Attendance Mode",12 months full-time or 24 months part-time,100,https://handbook.unimelb.edu.au/2024/courses/mc-anp
Master of Teaching (Secondary) Internship,MC-TEACHSI,"Parkville, Mixed Attendance Mode",24 months full-time,200,https://handbook.unimelb.edu.au/2024/courses/mc-teachsi
Graduate Certificate in Education (Learning Difficulties),GC-EDLD,Online,24 months part-time,50,https://handbook.unimelb.edu.au/2024/courses/gc-edld
Graduate Certificate in Evaluation,GC-EVALO,Online,6 months full-time or 12 months part-time,50,https://handbook.unimelb.edu.au/2024/courses/gc-evalo
Graduate Certificate in Educational Research,GC-EDRES,"Parkville, On Campus",6 months full-time or 12 months part-time,50,https://handbook.unimelb.edu.au/2024/courses/gc-edres
Master of Instructional Leadership,MC-INSLEAD,"Parkville, On Campus",12 months full-time or 24 months part-time,100,https://handbook.unimelb.edu.au/2024/courses/mc-inslead
Master of Evaluation,MC-EVALO,Online,12 months full-time or 24 months part-time,100,https://handbook.unimelb.edu.au/2024/courses/mc-evalo
Graduate Certificate in Early Childhood Research,GC-ECHRES,Online,12 months part-time,50,https://handbook.unimelb.edu.au/2024/courses/gc-echres
Doctor of Dental Science,DH-DSC,,0 months full-time or 0 months part-time,None,https://handbook.unimelb.edu.au/2024/courses/dh-dsc
Master of Employment and Labour Relations Law,510AA,"Parkville, On Campus",12 months full-time or 24 months part-time,100,https://handbook.unimelb.edu.au/2024/courses/510aa
Master of Construction Law,195AA,"Parkville, On Campus",12 months full-time or 24 months part-time,100,https://handbook.unimelb.edu.au/2024/courses/195aa
Master of Tax,742AB,"Parkville, On Campus",12 months full-time or 24 months part-time,100,https://handbook.unimelb.edu.au/2024/courses/742ab
Graduate Diploma in Environment,GD-ENV,"Parkville, On Campus",12 months full-time or 24 months part-time,100,https://handbook.unimelb.edu.au/2024/courses/gd-env
Master of Architecture/Master of Property,MC-ARCPROP,"Parkville, On Campus",48 months full-time or 96 months part-time,400,https://handbook.unimelb.edu.au/2024/courses/mc-arcprop
Graduate Certificate in Environmental Design,GC-ENVDES,"Parkville, On Campus",12 months part-time,50,https://handbook.unimelb.edu.au/2024/courses/gc-envdes
"Doctor of Philosophy - Architecture, Building and Planning",DR-PHILABP,"Parkville, On Campus","4 years full-time, or equivalent part-time —",None,https://handbook.unimelb.edu.au/2024/courses/dr-philabp
Professional Certificate in Translation,PR-TRANS,"Parkville, On Campus",6 months part-time,25,https://handbook.unimelb.edu.au/2024/courses/pr-trans
"Master of Philosophy - Architecture, Building and Planning",MR-PHILABP,"Parkville, On Campus","2 years full-time, or equivalent part-time —",None,https://handbook.unimelb.edu.au/2024/courses/mr-philabp
Master of Urban Planning/Master of Urban Design,MC-UPUD,"Parkville, On Campus",36 months full-time or 72 months part-time,300,https://handbook.unimelb.edu.au/2024/courses/mc-upud
Master of Urban Planning,MC-URPL,"Parkville, On Campus",24 months full-time or 48 months part-time,200,https://handbook.unimelb.edu.au/2024/courses/mc-urpl
Graduate Certificate in Translation,GC-TRANS,"Parkville, On Campus",6 months full-time,50,https://handbook.unimelb.edu.au/2024/courses/gc-trans
Master of International Tax,192AA,"Parkville, On Campus",12 months full-time or 24 months part-time,100,https://handbook.unimelb.edu.au/2024/courses/192aa
Master of Health and Medical Law,507AA,"Parkville, On Campus",12 months full-time or 24 months part-time,100,https://handbook.unimelb.edu.au/2024/courses/507aa
Graduate Diploma in International Tax,191AA,"Parkville, On Campus",6 months full-time or 12 months part-time,50,https://handbook.unimelb.edu.au/2024/courses/191aa
Graduate Diploma in Construction Law,189AA,"Parkville, On Campus",6 months full-time or 12 months part-time,50,https://handbook.unimelb.edu.au/2024/courses/189aa
Graduate Diploma in Tax,187AA,"Parkville, On Campus",6 months full-time or 12 months part-time,50,https://handbook.unimelb.edu.au/2024/courses/187aa
Specialist Certificate in Tax,SC-TAX,"Online and Parkville, Mixed Attendance Mode, Online",6 months part-time or 6 months part-time,25,https://handbook.unimelb.edu.au/2024/courses/sc-tax
Graduate Diploma in Human Rights Law,636AA,"Parkville, On Campus",6 months full-time or 12 months part-time,50,https://handbook.unimelb.edu.au/2024/courses/636aa
Master of Human Rights Law,MC-HUMRLAW,"Parkville, On Campus",12 months full-time or 24 months part-time,100,https://handbook.unimelb.edu.au/2024/courses/mc-humrlaw
Graduate Diploma in Energy and Resources Law,GD-ENRSLAW,"Parkville, On Campus",6 months full-time or 12 months part-time,50,https://handbook.unimelb.edu.au/2024/courses/gd-enrslaw
Master of Energy and Resources Law,MC-ENRSLAW,"Parkville, On Campus",12 months full-time or 24 months part-time,100,https://handbook.unimelb.edu.au/2024/courses/mc-enrslaw
Master of Energy and Resources Law,MC-ENRSLAW,"Parkville, On Campus",12 months full-time or 24 months part-time,100,https://handbook.unimelb.edu.au/2024/courses/mc-enrslaw
Master of Global Competition and Consumer Law,MC-GCCLAW,"Parkville, Mixed Attendance Mode",24 months part-time,100,https://handbook.unimelb.edu.au/2024/courses/mc-gcclaw
Master of Private Law,MC-PRIVLAW,"Parkville, On Campus",12 months full-time or 24 months part-time,100,https://handbook.unimelb.edu.au/2024/courses/mc-privlaw
Graduate Diploma in Global Competition and Consumer Law,GD-GCCLAW,"Parkville, Mixed Attendance Mode",12 months part-time,50,https://handbook.unimelb.edu.au/2024/courses/gd-gcclaw
Specialist Certificate in Global Competition Law,SC-GCLAW,Online,6 months part-time,25,https://handbook.unimelb.edu.au/2024/courses/sc-gclaw
Graduate Diploma in Dispute Resolution,498AB,"Parkville, On Campus",6 months full-time or 12 months part-time,50,https://handbook.unimelb.edu.au/2024/courses/498ab
Graduate Diploma in Health and Medical Law,343AA,"Parkville, On Campus",6 months full-time or 12 months part-time,50,https://handbook.unimelb.edu.au/2024/courses/343aa
Graduate Diploma in Communications Law,518AB,"Parkville, On Campus",12 months part-time,50,https://handbook.unimelb.edu.au/2024/courses/518ab
Specialist Certificate in Legal Leadership,SC-LGLLEAD,"Parkville, Mixed Attendance Mode",6 months part-time,25,https://handbook.unimelb.edu.au/2024/courses/sc-lgllead
Graduate Diploma in Employment and Labour Relations Law,188AA,"Parkville, On Campus",6 months full-time or 12 months part-time,50,https://handbook.unimelb.edu.au/2024/courses/188aa
Bachelor of Fine Arts (Visual Art),B-FAVISART,"Southbank, On Campus",36 months full-time,300,https://handbook.unimelb.edu.au/2024/courses/b-favisart
Graduate Certificate in Language and Cultural Literacy,GC-LANGCL,"Parkville, On Campus",6 months full-time or 12 months part-time,50,https://handbook.unimelb.edu.au/2024/courses/gc-langcl
Master of Music (Orchestral Performance),MC-MUSORP,"Southbank, On Campus",24 months full-time,200,https://handbook.unimelb.edu.au/2024/courses/mc-musorp
Professional Certificate in Language and Cultural Literacy,PR-LANGCL,"Parkville, On Campus",12 months part-time,25,https://handbook.unimelb.edu.au/2024/courses/pr-langcl
Graduate Diploma in Publishing and Communications (Advanced),GDA-PUBCOM,"Parkville, On Campus",12 months full-time or 24 months part-time,100,https://handbook.unimelb.edu.au/2024/courses/gda-pubcom
Graduate Certificate in Publishing and Communications (Advanced),GCA-PUBCOM,"Parkville, On Campus",6 months full-time or 12 months part-time,50,https://handbook.unimelb.edu.au/2024/courses/gca-pubcom
Specialist Certificate in Criminology (Forensic Disability),SC-CRIMFD,"Parkville, On Campus",12 months part-time,25,https://handbook.unimelb.edu.au/2024/courses/sc-crimfd
Specialist Certificate in Inclusive Music Teaching,SC-IMUSTCH,"Southbank, On Campus",12 months part-time,25,https://handbook.unimelb.edu.au/2024/courses/sc-imustch
Master of Urban Design,MC-URBDES,"Parkville, On Campus",24 months full-time or 48 months part-time,200,https://handbook.unimelb.edu.au/2024/courses/mc-urbdes
Bachelor of Commerce (Degree with Honours),BH-COM,"Parkville, On Campus",12 months full-time or 24 months part-time,100,https://handbook.unimelb.edu.au/2024/courses/bh-com
Graduate Diploma in Clinical Rehabilitation,GD-CLINRHB,Online,12 months full-time or 24 months part-time,100,https://handbook.unimelb.edu.au/2024/courses/gd-clinrhb
Graduate Diploma in Youth Mental Health,GD-YOUTHMH,Online,24 months part-time,100,https://handbook.unimelb.edu.au/2024/courses/gd-youthmh
Master of Physiotherapy (Pelvic Health),MC-PHTYPH,"Parkville, Mixed Attendance Mode",18 months full-time or 36 months part-time,150,https://handbook.unimelb.edu.au/2024/courses/mc-phtyph
Master of Sports Medicine,MC-SPMED,Online,18 months full-time or 36 months part-time,150,https://handbook.unimelb.edu.au/2024/courses/mc-spmed
Master of Youth Mental Health,MC-YOUTHMH,Online,36 months part-time,150,https://handbook.unimelb.edu.au/2024/courses/mc-youthmh
Graduate Certificate in Clinical Rehabilitation,GC-CLINRHB,Online,12 months part-time,50,https://handbook.unimelb.edu.au/2024/courses/gc-clinrhb
Specialist Certificate in Clinical Rehabilitation,SC-CLINRHB,Online,6 months part-time,25,https://handbook.unimelb.edu.au/2024/courses/sc-clinrhb
Master of Clinical Rehabilitation,MC-CLINRHB,Online,18 months full-time or 36 months part-time,150,https://handbook.unimelb.edu.au/2024/courses/mc-clinrhb
Graduate Diploma in Sports Medicine,GD-SPMED,Online,12 months full-time or 24 months part-time,100,https://handbook.unimelb.edu.au/2024/courses/gd-spmed
Graduate Certificate in Youth Mental Health,GC-YOUTHMH,Online,12 months part-time,50,https://handbook.unimelb.edu.au/2024/courses/gc-youthmh
Master of Sports Rehabilitation,MC-SPREHAB,Online,18 months full-time or 36 months part-time,150,https://handbook.unimelb.edu.au/2024/courses/mc-sprehab
Graduate Certificate in Sports Medicine,GC-SPMED,Online,6 months full-time or 12 months part-time,50,https://handbook.unimelb.edu.au/2024/courses/gc-spmed
Professional Certificate in Treaty,PR-TREATY,Online,12 months part-time,25,https://handbook.unimelb.edu.au/2024/courses/pr-treaty
Master of Physiotherapy (Paediatrics),MC-PHTYPAE,"Parkville, Mixed Attendance Mode",24 months full-time or 48 months part-time,150,https://handbook.unimelb.edu.au/2024/courses/mc-phtypae
Graduate Diploma in Physiotherapy (Paediatrics),GD-PHTYPAE,"Parkville, Mixed Attendance Mode",12 months full-time,100,https://handbook.unimelb.edu.au/2024/courses/gd-phtypae
Master of Environmental Systems Engineering,MC-ENSYSEN,"Parkville, On Campus",12 months full-time or 24 months part-time,100,https://handbook.unimelb.edu.au/2024/courses/mc-ensysen
Professional Certificate in Positive Education,PR-POSED,"Online and Parkville, Online, On Campus",6 months part-time or 6 months part-time,25,https://handbook.unimelb.edu.au/2024/courses/pr-posed
Professional Certificate in Business Analytics,PR-BUSANA,"Parkville, On Campus",6 months part-time,25,https://handbook.unimelb.edu.au/2024/courses/pr-busana
Graduate Diploma in Business Administration,GD-BAOL,Online,12 months full-time or 24 months part-time,112,https://handbook.unimelb.edu.au/2024/courses/gd-baol
Master of Architectural Engineering,MC-ARCHENG,"Parkville, On Campus",42 months full-time or 84 months part-time,450,https://handbook.unimelb.edu.au/2024/courses/mc-archeng
Master of Biostatistics (Enhanced),MC-BIOSENH,"Parkville, Mixed Attendance Mode",24 months full-time or 48 months part-time,200,https://handbook.unimelb.edu.au/2024/courses/mc-biosenh
Graduate Diploma in Biostatistics,GD-BIOSTAT,"Parkville, On Campus",12 months full-time or 24 months part-time,100,https://handbook.unimelb.edu.au/2024/courses/gd-biostat
Master of Biostatistics,991AA,"Parkville, On Campus",18 months full-time or 36 months part-time,150,https://handbook.unimelb.edu.au/2024/courses/991aa
Graduate Certificate in Surgical Education,GC-SURGED,Online,12 months part-time,50,https://handbook.unimelb.edu.au/2024/courses/gc-surged
Graduate Diploma in Surgical Education,GD-SURGED,Online,24 months part-time,100,https://handbook.unimelb.edu.au/2024/courses/gd-surged
Master of Surgical Education,MC-SURGED,Online,36 months part-time,150,https://handbook.unimelb.edu.au/2024/courses/mc-surged
Graduate Certificate in Cancer Sciences,GC-CNCRSC,Online,6 months full-time or 12 months part-time,50,https://handbook.unimelb.edu.au/2024/courses/gc-cncrsc
Specialist Certificate in Cancer Sciences,SC-CNCRSC,Online,6 months part-time,25,https://handbook.unimelb.edu.au/2024/courses/sc-cncrsc
Master of Cancer Sciences,MC-CNCRSC,Online,12 months full-time or 24 months part-time,100,https://handbook.unimelb.edu.au/2024/courses/mc-cncrsc
Master of Commerce (Economics),MC-COMECO,"Parkville, On Campus",24 months full-time or 48 months part-time,200,https://handbook.unimelb.edu.au/2024/courses/mc-comeco
Graduate Diploma in Genomics and Health,GD-GENOHLT,"Parkville, On Campus",12 months full-time or 24 months part-time,100,https://handbook.unimelb.edu.au/2024/courses/gd-genohlt
Professional Certificate in Language Assessment,PR-LANGASS,Online,6 months part-time,25,https://handbook.unimelb.edu.au/2024/courses/pr-langass
Specialist Certificate in Neonatal Care,SC-NEOCARE,Online,6 months part-time,25,https://handbook.unimelb.edu.au/2024/courses/sc-neocare
Specialist Certificate in Cancer Nursing,SC-CNCRNUR,Online,6 months part-time,25,https://handbook.unimelb.edu.au/2024/courses/sc-cncrnur
Specialist Certificate in Critical Care Nursing,SC-CCNURS,Online,6 months part-time,25,https://handbook.unimelb.edu.au/2024/courses/sc-ccnurs
Graduate Certificate in Paediatric Nursing,GC-PAEN,"Parkville, Mixed Attendance Mode",12 months part-time,50,https://handbook.unimelb.edu.au/2024/courses/gc-paen
Graduate Certificate in Critical Care Nursing (Emergency),GC-CCNEM,"Parkville, Mixed Attendance Mode",12 months part-time,50,https://handbook.unimelb.edu.au/2024/courses/gc-ccnem
Graduate Certificate in Paediatric Intensive Care Nursing,GC-PAEICN,"Parkville, Mixed Attendance Mode",12 months part-time,50,https://handbook.unimelb.edu.au/2024/courses/gc-paeicn
Specialist Certificate in Paediatric Nursing,SC-PAEN,Online,6 months part-time,25,https://handbook.unimelb.edu.au/2024/courses/sc-paen
Graduate Certificate in Neonatal Intensive Care,GC-NIC,"Parkville, Mixed Attendance Mode",12 months part-time,50,https://handbook.unimelb.edu.au/2024/courses/gc-nic
Graduate Diploma in Early Childhood Teaching,GD-ECTCH,Online,9 months intensive or 12 months full-time or 24 months part-time,100,https://handbook.unimelb.edu.au/2024/courses/gd-ectch
Master of Urban and Cultural Heritage,MC-UCH,"Parkville, On Campus",12 months full-time or 24 months part-time,100,https://handbook.unimelb.edu.au/2024/courses/mc-uch
Graduate Certificate in Clinical Ultrasound,GC-CLINUS,Online,6 months full-time or 12 months part-time,50,https://handbook.unimelb.edu.au/2024/courses/gc-clinus
Specialist Certificate in Clinical Ultrasound,SC-CLINUS,Online,6 months part-time,25,https://handbook.unimelb.edu.au/2024/courses/sc-clinus
Specialist Certificate in Clinical Leadership,SC-CLNLEAD,"Parkville, On Campus",12 months part-time,25,https://handbook.unimelb.edu.au/2024/courses/sc-clnlead
Specialist Certificate in Clinical Ultrasound (Practical),SC-CLINUSP,"Parkville, Mixed Attendance Mode",6 months part-time,25,https://handbook.unimelb.edu.au/2024/courses/sc-clinusp
Doctor of Philosophy - Arts,DR-PHILART,"Parkville, On Campus","4 years full-time, or equivalent part-time —",None,https://handbook.unimelb.edu.au/2024/courses/dr-philart
Master of Education in Evidence-Based Teaching,MC-EDEBT,Online,12 months full-time or 24 months part-time,100,https://handbook.unimelb.edu.au/2024/courses/mc-edebt
Specialist Certificate in Implementation Science,SC-IMPSC,Online,6 months part-time,25,https://handbook.unimelb.edu.au/2024/courses/sc-impsc
Master of Health and Human Services,MC-HHS,Online,24 months part-time,100,https://handbook.unimelb.edu.au/2024/courses/mc-hhs
Specialist Certificate in Service Navigation,SC-SERVNAV,Online,6 months part-time,25,https://handbook.unimelb.edu.au/2024/courses/sc-servnav
Graduate Certificate in Health and Human Services,GC-HHS,Online,6 months full-time or 12 months part-time,50,https://handbook.unimelb.edu.au/2024/courses/gc-hhs
Graduate Certificate in Narrative Therapy and Community Work,GC-NTCW,Off Campus and Online,12 months part-time or 12 months part-time,50,https://handbook.unimelb.edu.au/2024/courses/gc-ntcw
Professional Certificate in Evidence-Based Teaching,PR-EBT,Online,6 months part-time,25,https://handbook.unimelb.edu.au/2024/courses/pr-ebt
Specialist Certificate in Health and Human Services,SC-HHS,Online,6 months part-time,25,https://handbook.unimelb.edu.au/2024/courses/sc-hhs
Specialist Certificate in Advanced Social Work,SC-ASW,Online,6 months part-time,25,https://handbook.unimelb.edu.au/2024/courses/sc-asw
Specialist Certificate in Disaster Health Management,SC-DHM,"Parkville, Mixed Attendance Mode",6 months part-time,25,https://handbook.unimelb.edu.au/2024/courses/sc-dhm
Graduate Diploma in Environmental Law,GD-ENVLAW,"Parkville, On Campus",6 months full-time or 12 months part-time,50,https://handbook.unimelb.edu.au/2024/courses/gd-envlaw
Graduate Diploma in Mental Health Nursing Practice,GD-MHNP,Online,12 months full-time or 24 months part-time,100,https://handbook.unimelb.edu.au/2024/courses/gd-mhnp
Master of Environmental Law,MC-ENVLAW,"Parkville, On Campus",12 months full-time or 24 months part-time,100,https://handbook.unimelb.edu.au/2024/courses/mc-envlaw
Graduate Diploma in Corporate Law,GD-CORPLAW,"Parkville, On Campus",6 months full-time or 12 months part-time,50,https://handbook.unimelb.edu.au/2024/courses/gd-corplaw
Graduate Diploma in Banking and Finance Law,968AB,"Parkville, On Campus",6 months full-time or 12 months part-time,50,https://handbook.unimelb.edu.au/2024/courses/968ab
Master of Banking and Finance Law,526AA,"Parkville, On Campus",12 months full-time or 42 months part-time,100,https://handbook.unimelb.edu.au/2024/courses/526aa
Specialist Certificate in Law (Digital Law and Technological Innovation),SC-LAWDT,"Parkville, On Campus",6 months part-time,25,https://handbook.unimelb.edu.au/2024/courses/sc-lawdt
Graduate Certificate in Climate Change and Health,GC-CCHLTH,"Parkville, Mixed Attendance Mode",6 months full-time or 12 months part-time,50,https://handbook.unimelb.edu.au/2024/courses/gc-cchlth
Graduate Diploma in International Economic Law,891AA,"Parkville, On Campus",6 months full-time or 12 months part-time,50,https://handbook.unimelb.edu.au/2024/courses/891aa
Specialist Certificate in Design for Health and Wellbeing,SC-DHW,Online,6 months part-time,25,https://handbook.unimelb.edu.au/2024/courses/sc-dhw
Graduate Certificate in Disaster and Terror Medicine,GC-DTM,"Parkville, On Campus",12 months part-time,50,https://handbook.unimelb.edu.au/2024/courses/gc-dtm
Professional Certificate in Indigenous Research,GC-IRPRO,"Parkville, On Campus",6 months part-time,25,https://handbook.unimelb.edu.au/2024/courses/gc-irpro
Master of Business Administration,MC-BA,"Parkville, On Campus",23 months full-time,225,https://handbook.unimelb.edu.au/2024/courses/mc-ba
Graduate Diploma in Disaster and Terror Medicine,GD-DTM,"Parkville, Mixed Attendance Mode",12 months full-time or 24 months part-time,100,https://handbook.unimelb.edu.au/2024/courses/gd-dtm
Master of Leadership for Development,MC-LEADDEV,Online,24 months part-time,112,https://handbook.unimelb.edu.au/2024/courses/mc-leaddev
Master of Social Work,MC-SOCW,"Parkville, On Campus",24 months full-time or 48 months part-time,225,https://handbook.unimelb.edu.au/2024/courses/mc-socw
Master of Architecture/Master of Urban Cultural Heritage,MC-ARCHUCH,"Parkville, On Campus",42 months full-time or 84 months part-time,350,https://handbook.unimelb.edu.au/2024/courses/mc-archuch
Master of Laws,502CW,"Parkville, On Campus",12 months full-time or 24 months part-time,100,https://handbook.unimelb.edu.au/2024/courses/502cw
Master of Intellectual Property Law,277AA,"Parkville, On Campus",12 months full-time or 42 months part-time,100,https://handbook.unimelb.edu.au/2024/courses/277aa
Master of Commercial Law,504AA,"Parkville, On Campus",12 months full-time or 24 months part-time,100,https://handbook.unimelb.edu.au/2024/courses/504aa
Graduate Diploma in International Law,323AA,"Parkville, On Campus",6 months full-time or 12 months part-time,50,https://handbook.unimelb.edu.au/2024/courses/323aa
Master of Law and Development,635AA,"Parkville, On Campus",12 months full-time or 42 months part-time,100,https://handbook.unimelb.edu.au/2024/courses/635aa
Graduate Diploma in Asian Law,726AA,"Parkville, On Campus",6 months full-time or 12 months part-time,50,https://handbook.unimelb.edu.au/2024/courses/726aa
Master of Public and International Law,511AA,"Parkville, On Campus",12 months full-time or 42 months part-time,100,https://handbook.unimelb.edu.au/2024/courses/511aa
Graduate Diploma in Intellectual Property Law,276AA,"Parkville, On Campus",6 months full-time or 12 months part-time,50,https://handbook.unimelb.edu.au/2024/courses/276aa
Graduate Diploma in Laws,GD-LAWS,"Parkville, On Campus",6 months full-time or 12 months part-time,50,https://handbook.unimelb.edu.au/2024/courses/gd-laws
Professional Certificate in Leadership,PR-LDSHIP,Online,6 months part-time,25,https://handbook.unimelb.edu.au/2024/courses/pr-ldship
Master of Psychiatry,MC-PO,Online,36 months part-time,150,https://handbook.unimelb.edu.au/2024/courses/mc-po
Master of Veterinary Science,872BB,"Werribee, On Campus","2 years full-time, or equivalent part-time —",None,https://handbook.unimelb.edu.au/2024/courses/872bb
Master of Veterinary Science,872AA,"Parkville, On Campus","2 years full-time, or equivalent part-time —",None,https://handbook.unimelb.edu.au/2024/courses/872aa
Graduate Certificate in Infectious Disease Epidemiology,GC-IDEPI,"Parkville, Mixed Attendance Mode",12 months part-time,50,https://handbook.unimelb.edu.au/2024/courses/gc-idepi
Graduate Diploma in Government Law,178AA,"Parkville, On Campus",6 months full-time or 12 months part-time,50,https://handbook.unimelb.edu.au/2024/courses/178aa
Master of Digital Marketing,MC-DMKTG,"Parkville, On Campus",18 months full-time or 36 months part-time,150,https://handbook.unimelb.edu.au/2024/courses/mc-dmktg
Graduate Certificate in University Teaching,697AA,"Online and Parkville, Online, Mixed Attendance Mode",12 months part-time or 12 months part-time,50,https://handbook.unimelb.edu.au/2024/courses/697aa
Master of International Business,MC-IB,"Parkville, On Campus",24 months full-time or 48 months part-time,200,https://handbook.unimelb.edu.au/2024/courses/mc-ib
Diploma in Languages,D-LANG,"Parkville, On Campus",12 months full-time or 24 months part-time,100,https://handbook.unimelb.edu.au/2024/courses/d-lang
Master of Public Policy and Management,344AB,"Parkville, On Campus",24 months full-time or 48 months part-time,200,https://handbook.unimelb.edu.au/2024/courses/344ab
Graduate Diploma in Science (Advanced),GDA-SCI,"Parkville, On Campus",12 months full-time or 24 months part-time,100,https://handbook.unimelb.edu.au/2024/courses/gda-sci
Master of Film and Television,MC-FILMTV,"Southbank, On Campus",24 months full-time,200,https://handbook.unimelb.edu.au/2024/courses/mc-filmtv
Bachelor of Fine Arts (Degree with Honours),BH-FA,"Southbank, On Campus",12 months full-time,100,https://handbook.unimelb.edu.au/2024/courses/bh-fa
Bachelor of Medical Science (Degree with Honours),BH-MEDSCI,"Parkville, On Campus",12 months full-time,100,https://handbook.unimelb.edu.au/2024/courses/bh-medsci
Master of Architecture,MC-ARCH,"Parkville, On Campus",36 months full-time or 72 months part-time,300,https://handbook.unimelb.edu.au/2024/courses/mc-arch
Bachelor of Environments (Degree with Honours),BH-ENVS,"Parkville, On Campus",12 months full-time,100,https://handbook.unimelb.edu.au/2024/courses/bh-envs
Master of Teaching (Early Childhood and Primary),MC-TCHECP,"Parkville, On Campus",24 months full-time or 36 months part-time,225,https://handbook.unimelb.edu.au/2024/courses/mc-tchecp
Bachelor of Science Advanced (Honours),BH-SCIADV,"Parkville, On Campus",48 months full-time,400,https://handbook.unimelb.edu.au/2024/courses/bh-sciadv
Master of Environmental Engineering,MC-ENVENG,"Parkville, On Campus",36 months full-time or 72 months part-time,300,https://handbook.unimelb.edu.au/2024/courses/mc-enveng
Master of Arts and Cultural Management,175AA,"Parkville, On Campus",24 months full-time or 48 months part-time,200,https://handbook.unimelb.edu.au/2024/courses/175aa
Master of Agricultural Sciences,MC-AGSC,"Parkville, On Campus",24 months full-time or 48 months part-time,200,https://handbook.unimelb.edu.au/2024/courses/mc-agsc
Graduate Certificate in Critical Care Nursing,GC-CCN,"Parkville, Mixed Attendance Mode",12 months part-time,50,https://handbook.unimelb.edu.au/2024/courses/gc-ccn
Graduate Certificate in Arts,GC-ARTS,"Parkville, On Campus",6 months full-time or 12 months part-time,50,https://handbook.unimelb.edu.au/2024/courses/gc-arts
Master of International Journalism,MC-INTJOUR,"Parkville, On Campus",24 months full-time or 48 months part-time,200,https://handbook.unimelb.edu.au/2024/courses/mc-intjour
Master of Property/Master of Urban Planning,MC-PROPUP,"Parkville, On Campus",48 months full-time or 96 months part-time,400,https://handbook.unimelb.edu.au/2024/courses/mc-propup
Master of Social Policy,706AA,"Parkville, On Campus",24 months full-time or 48 months part-time,200,https://handbook.unimelb.edu.au/2024/courses/706aa
Master of Construction Management/Master of Property,MC-CMPROP,"Parkville, On Campus",48 months full-time or 96 months part-time,400,https://handbook.unimelb.edu.au/2024/courses/mc-cmprop
Bachelor of Music (Degree with Honours),BH-MUS,"Southbank, On Campus",12 months full-time or 24 months part-time,100,https://handbook.unimelb.edu.au/2024/courses/bh-mus
Master of Landscape Architecture/Master of Urban Planning,MC-LARCHUP,"Parkville, On Campus",48 months full-time or 96 months part-time,400,https://handbook.unimelb.edu.au/2024/courses/mc-larchup
Master of Teaching (Early Childhood),MC-TEACHEC,"Parkville, On Campus",24 months full-time or 36 months part-time,200,https://handbook.unimelb.edu.au/2024/courses/mc-teachec
Master of Teaching (Primary),MC-TEACHPR,"Parkville, On Campus",24 months full-time or 36 months part-time,200,https://handbook.unimelb.edu.au/2024/courses/mc-teachpr
Master of Teaching (Secondary),MC-TEACHSA,"Parkville, On Campus",18 months intensive or 24 months full-time or 36 months part-time,200,https://handbook.unimelb.edu.au/2024/courses/mc-teachsa
Master of Translation and Interpreting,MC-TRANINT,"Parkville, On Campus",24 months full-time or 48 months part-time,200,https://handbook.unimelb.edu.au/2024/courses/mc-tranint
Master of Management,MC-MGMT,"Parkville, On Campus",24 months full-time or 48 months part-time,200,https://handbook.unimelb.edu.au/2024/courses/mc-mgmt
Master of Science (Mathematics and Statistics),MC-SCIMAT,"Parkville, On Campus",24 months full-time or 48 months part-time,200,https://handbook.unimelb.edu.au/2024/courses/mc-scimat
Master of Electrical Engineering,MC-ELECENG,"Parkville, On Campus",36 months full-time or 72 months part-time,300,https://handbook.unimelb.edu.au/2024/courses/mc-eleceng
Master of Biomedical Science,MC-BMEDSC,"Parkville, On Campus",24 months full-time or 48 months part-time,200,https://handbook.unimelb.edu.au/2024/courses/mc-bmedsc
Master of Urban Horticulture,MC-URBHORT,"Burnley, On Campus",24 months full-time or 48 months part-time,200,https://handbook.unimelb.edu.au/2024/courses/mc-urbhort
Graduate Certificate in Arts (Advanced),GCA-ARTS,"Parkville, On Campus",6 months full-time or 12 months part-time,50,https://handbook.unimelb.edu.au/2024/courses/gca-arts
Master of Management (Marketing),MC-MGMTMKT,"Parkville, On Campus",24 months full-time or 48 months part-time,200,https://handbook.unimelb.edu.au/2024/courses/mc-mgmtmkt
Master of Architecture/Master of Urban Planning,MC-ARCHUP,"Parkville, On Campus",48 months full-time or 96 months part-time,400,https://handbook.unimelb.edu.au/2024/courses/mc-archup
Master of Social Policy,706AA,"Parkville, On Campus",24 months full-time or 48 months part-time,200,https://handbook.unimelb.edu.au/2024/courses/706aa
Master of Architecture/Master of Landscape Architecture,MC-ARCLARC,"Parkville, On Campus",48 months full-time or 96 months part-time,400,https://handbook.unimelb.edu.au/2024/courses/mc-arclarc
Graduate Diploma in Arts (Advanced),GDA-ARTS,"Parkville, On Campus",12 months full-time or 24 months part-time,100,https://handbook.unimelb.edu.au/2024/courses/gda-arts
Bachelor of Arts (Degree with Honours),BH-ARTS,"Parkville, On Campus",12 months full-time or 24 months part-time,100,https://handbook.unimelb.edu.au/2024/courses/bh-arts
Master of Electrical Engineering,MC-ELECENG,"Parkville, On Campus",36 months full-time or 72 months part-time,300,https://handbook.unimelb.edu.au/2024/courses/mc-eleceng
Master of Science (Bioinformatics),MC-SCIBIF,"Parkville, On Campus",24 months full-time or 48 months part-time,200,https://handbook.unimelb.edu.au/2024/courses/mc-scibif
Master of Applied Linguistics,MC-APLING,"Online and Parkville, Online, On Campus",24 months full-time or 24 months full-time or 48 months part-time or 48 months part-time,200,https://handbook.unimelb.edu.au/2024/courses/mc-apling
Master of Creative Arts Therapy,MC-CAT,"Southbank, Mixed Attendance Mode",24 months full-time or 48 months part-time,200,https://handbook.unimelb.edu.au/2024/courses/mc-cat
Master of Information Technology,MC-IT,"Parkville, On Campus",24 months full-time or 48 months part-time,200,https://handbook.unimelb.edu.au/2024/courses/mc-it
Master of Learning Intervention,MC-LI,"Online and Parkville, Online, On Campus",12 months full-time or 12 months full-time or 24 months part-time or 24 months part-time,100,https://handbook.unimelb.edu.au/2024/courses/mc-li
Master of Journalism,MC-JOURN,"Parkville, On Campus",24 months full-time or 48 months part-time,200,https://handbook.unimelb.edu.au/2024/courses/mc-journ
Master of Global Media Communication,MC-GMCOM,"Parkville, On Campus",24 months full-time or 48 months part-time,200,https://handbook.unimelb.edu.au/2024/courses/mc-gmcom
Master of Marketing Communications,MC-MKTCOMM,"Parkville, On Campus",24 months full-time or 48 months part-time,200,https://handbook.unimelb.edu.au/2024/courses/mc-mktcomm
Master of Music (Performance Teaching),MC-MUSPT,"Parkville, On Campus",18 months full-time or 36 months part-time,150,https://handbook.unimelb.edu.au/2024/courses/mc-muspt
Graduate Diploma in Arts and Cultural Management (Advanced),GDA-ACM,"Parkville, On Campus",12 months full-time or 24 months part-time,100,https://handbook.unimelb.edu.au/2024/courses/gda-acm
Master of Arts (Thesis only),MR-ARTSTHS,"Parkville, On Campus","2 years full-time, or equivalent part-time —",None,https://handbook.unimelb.edu.au/2024/courses/mr-artsths
Bachelor of Science (Degree with Honours),BH-SCI,"Parkville, On Campus",12 months full-time or 24 months part-time,100,https://handbook.unimelb.edu.au/2024/courses/bh-sci
Master of Architecture/Master of Construction Management,MC-ARCHCM,"Parkville, On Campus",48 months full-time or 96 months part-time,400,https://handbook.unimelb.edu.au/2024/courses/mc-archcm
Master of Biomedical Engineering,MC-BIOMENG,"Parkville, On Campus",36 months full-time or 72 months part-time,300,https://handbook.unimelb.edu.au/2024/courses/mc-biomeng
Master of Development Studies,097AB,"Parkville, On Campus",24 months full-time or 48 months part-time,200,https://handbook.unimelb.edu.au/2024/courses/097ab
Master of Cultural Materials Conservation,MC-CULMC,"Parkville, On Campus",24 months full-time or 48 months part-time,200,https://handbook.unimelb.edu.au/2024/courses/mc-culmc
Master of Management (Accounting),MC-MGMTACT,"Parkville, On Campus",24 months full-time or 48 months part-time,200,https://handbook.unimelb.edu.au/2024/courses/mc-mgmtact
Master of Information Systems,MC-IS,"Parkville, On Campus",24 months full-time or 48 months part-time,200,https://handbook.unimelb.edu.au/2024/courses/mc-is
Master of Biotechnology,MC-SCIBIT,"Parkville, On Campus",24 months full-time or 48 months part-time,200,https://handbook.unimelb.edu.au/2024/courses/mc-scibit
Master of Landscape Architecture/Master of Urban Design,MC-LARCHUD,"Parkville, On Campus",48 months full-time or 96 months part-time,400,https://handbook.unimelb.edu.au/2024/courses/mc-larchud
Master of Music (Opera Performance),MC-MUSOP,"Southbank, On Campus",24 months full-time,200,https://handbook.unimelb.edu.au/2024/courses/mc-musop
Graduate Diploma in Science,GD-SC,"Parkville, On Campus",18 months full-time or 30 months part-time,125,https://handbook.unimelb.edu.au/2024/courses/gd-sc
"Master of Creative Writing, Publishing and Editing",D01LF,"Parkville, On Campus",24 months full-time or 48 months part-time,200,https://handbook.unimelb.edu.au/2024/courses/d01lf
Master of International Education (International Baccalaureate),MC-INTEDIB,Online,12 months full-time or 24 months part-time,100,https://handbook.unimelb.edu.au/2024/courses/mc-intedib
Master of Property,MC-PROP,"Parkville, On Campus",36 months full-time or 72 months part-time,300,https://handbook.unimelb.edu.au/2024/courses/mc-prop
Master of Art Curatorship,038AB,"Parkville, On Campus",24 months full-time or 48 months part-time,200,https://handbook.unimelb.edu.au/2024/courses/038ab
Master of Landscape Architecture,MC-LARCH,"Parkville, On Campus",36 months full-time or 72 months part-time,300,https://handbook.unimelb.edu.au/2024/courses/mc-larch
Executive Master of Arts,MC-EMA,"Parkville, On Campus",24 months full-time,200,https://handbook.unimelb.edu.au/2024/courses/mc-ema
Master of Arts (Advanced Seminar & Shorter Thesis),MR-ARTSAST,"Parkville, On Campus","2 years full-time, or equivalent part-time —",None,https://handbook.unimelb.edu.au/2024/courses/mr-artsast
Master of Contemporary Chinese Studies,MC-CONTCS,"Parkville, On Campus",24 months full-time or 48 months part-time,200,https://handbook.unimelb.edu.au/2024/courses/mc-contcs
Master of Engineering Management,761EM,"Parkville, On Campus",12 months full-time or 24 months part-time,100,https://handbook.unimelb.edu.au/2024/courses/761em
Master of Digital Infrastructure Engineering,MC-DINFENG,"Parkville, On Campus",36 months full-time or 72 months part-time,300,https://handbook.unimelb.edu.au/2024/courses/mc-dinfeng
Graduate Diploma in Arts,GD-ARTS,"Parkville, On Campus",12 months full-time or 24 months part-time,100,https://handbook.unimelb.edu.au/2024/courses/gd-arts
Doctor of Clinical Dentistry,ME-DCD,"Parkville, On Campus",36 months full-time,300,https://handbook.unimelb.edu.au/2024/courses/me-dcd
Master of Education,MC-ED,"Parkville, On Campus",24 months full-time or 48 months part-time,200,https://handbook.unimelb.edu.au/2024/courses/mc-ed
Graduate Certificate in Science,GC-SC,"Parkville, On Campus",6 months full-time or 12 months part-time,62,https://handbook.unimelb.edu.au/2024/courses/gc-sc
Master of Mechanical Engineering,MC-MECHENG,"Parkville, On Campus",36 months full-time or 72 months part-time,300,https://handbook.unimelb.edu.au/2024/courses/mc-mecheng
Master of Architecture/Master of Urban Design,MC-ARCHUD,"Parkville, On Campus",48 months full-time or 96 months part-time,400,https://handbook.unimelb.edu.au/2024/courses/mc-archud
Master of Criminology,274AB,"Parkville, On Campus",24 months full-time or 48 months part-time,200,https://handbook.unimelb.edu.au/2024/courses/274ab
Master of Applied Data Analytics,MC-APPDA,Online,24 months part-time,100,https://handbook.unimelb.edu.au/2024/courses/mc-appda
Master of Publishing and Communications,MC-PUBCOM,"Parkville, On Campus",24 months full-time or 48 months part-time,200,https://handbook.unimelb.edu.au/2024/courses/mc-pubcom
Master of Chemical Engineering,MC-CHEMENG,"Parkville, On Campus",36 months full-time or 72 months part-time,300,https://handbook.unimelb.edu.au/2024/courses/mc-chemeng
Master of Software Engineering,MC-SOFTENG,"Parkville, On Campus",36 months full-time or 72 months part-time,300,https://handbook.unimelb.edu.au/2024/courses/mc-softeng
Bachelor of Design (Degree with Honours),BH-DES,"Parkville, On Campus",12 months full-time or 24 months part-time,100,https://handbook.unimelb.edu.au/2024/courses/bh-des
Master of Construction Management,MC-CM,"Parkville, On Campus",36 months full-time or 72 months part-time,300,https://handbook.unimelb.edu.au/2024/courses/mc-cm
Master of Public Health,244CW,"Parkville, Mixed Attendance Mode",24 months full-time or 48 months part-time,200,https://handbook.unimelb.edu.au/2024/courses/244cw
Graduate Diploma in Music,GD-MUS,"Southbank, On Campus",12 months full-time or 24 months part-time,100,https://handbook.unimelb.edu.au/2024/courses/gd-mus
Master of Design and Production,MC-DESPROD,"Southbank, On Campus",24 months full-time,200,https://handbook.unimelb.edu.au/2024/courses/mc-desprod
Master of Modern Languages Education,MC-MLED,"Parkville, On Campus",24 months full-time or 48 months part-time,200,https://handbook.unimelb.edu.au/2024/courses/mc-mled
Master of Management (Human Resources),MC-MGMTHRE,"Parkville, On Campus",24 months full-time or 48 months part-time,200,https://handbook.unimelb.edu.au/2024/courses/mc-mgmthre
Bachelor of Biomedicine (Degree with Honours),BH-BMED,"Parkville, On Campus",12 months full-time or 24 months part-time,100,https://handbook.unimelb.edu.au/2024/courses/bh-bmed
Master of Modern Languages Education,MC-MLED,"Parkville, On Campus",24 months full-time or 48 months part-time,200,https://handbook.unimelb.edu.au/2024/courses/mc-mled
Master of International Relations,MC-IR,"Parkville, On Campus",24 months full-time or 48 months part-time,200,https://handbook.unimelb.edu.au/2024/courses/mc-ir
Master of Management (Finance),MC-MGMTFIN,"Parkville, On Campus",24 months full-time or 48 months part-time,200,https://handbook.unimelb.edu.au/2024/courses/mc-mgmtfin
Master of Social Change Leadership,MC-SCL,"Parkville, On Campus",12 months full-time,100,https://handbook.unimelb.edu.au/2024/courses/mc-scl
Graduate Certificate in Social Change Leadership,GC-SCL,Off Campus,12 months part-time,50,https://handbook.unimelb.edu.au/2024/courses/gc-scl
Graduate Certificate in Science (Advanced),GCA-SCI,"Parkville, On Campus",6 months full-time or 12 months part-time,50,https://handbook.unimelb.edu.au/2024/courses/gca-sci
Master of Rehabilitation Science,MC-REHABSC,Online,18 months full-time or 36 months part-time,150,https://handbook.unimelb.edu.au/2024/courses/mc-rehabsc
"Ph.D.- Medicine, Dentistry & Health Sciences",551AA,On Campus,"3 years full-time, or equivalent part-time —",None,https://handbook.unimelb.edu.au/2024/courses/551aa
Specialist Certificate in Cross-Cultural Conservation and Heritage,SC-CCCONS,On Campus,6 months part-time,25,https://handbook.unimelb.edu.au/2024/courses/sc-cccons
Doctor of Philosophy - Victorian College of the Arts,475AA,On Campus,"3 years full-time, or equivalent part-time —",None,https://handbook.unimelb.edu.au/2024/courses/475aa
Ph.D.- Law,501AA,On Campus,"3 years full-time, or equivalent part-time —",None,https://handbook.unimelb.edu.au/2024/courses/501aa
Graduate Certificate in Nursing Practice (Paediatric Intensive Care),GC-NPPIC,Off Campus,12 months part-time,50,https://handbook.unimelb.edu.au/2024/courses/gc-nppic
Master of Fine Arts (Production),MR-FAPROD,On Campus,"2 years full-time, or equivalent part-time —",None,https://handbook.unimelb.edu.au/2024/courses/mr-faprod
Master of Applied Econometrics,MC-APPECON,On Campus,24 months full-time or 48 months part-time,200,https://handbook.unimelb.edu.au/2024/courses/mc-appecon
Ph.D.- Engineering,351AA,On Campus,"3 years full-time, or equivalent part-time —",None,https://handbook.unimelb.edu.au/2024/courses/351aa
Master of Epidemiology,570AA,On Campus,24 months part-time,100,https://handbook.unimelb.edu.au/2024/courses/570aa
Master of Philosophy - Engineering,MR-PHILENG,On Campus,"2 years full-time, or equivalent part-time —",None,https://handbook.unimelb.edu.au/2024/courses/mr-phileng
Doctor of Clinical Dentistry,661AA,On Campus,36 months full-time,300,https://handbook.unimelb.edu.au/2024/courses/661aa
Bachelor of Arts (Extended),B-ARTSEXT,On Campus,48 months full-time or 96 months part-time,400,https://handbook.unimelb.edu.au/2024/courses/b-artsext
Specialist Certificate in Cross-Cultural Conservation and Heritage,SC-CCCONS,On Campus,6 months part-time,25,https://handbook.unimelb.edu.au/2024/courses/sc-cccons
Master of Epidemiology,570AA,On Campus,24 months part-time,100,https://handbook.unimelb.edu.au/2024/courses/570aa
Master of Fine Arts (Contemporary Music),MR-FACMUS,On Campus,"2 years full-time, or equivalent part-time —",None,https://handbook.unimelb.edu.au/2024/courses/mr-facmus
Master of Advanced Nursing,MC-AN,On Campus,18 months full-time or 36 months part-time,150,https://handbook.unimelb.edu.au/2024/courses/mc-an
Master of Science (Computer Science),MC-SCICMP,On Campus,24 months full-time or 48 months part-time,200,https://handbook.unimelb.edu.au/2024/courses/mc-scicmp
Doctor of Philosophy - Music,DR-PHILMUS,On Campus,"4 years full-time, or equivalent part-time —",None,https://handbook.unimelb.edu.au/2024/courses/dr-philmus
Master of Psychiatry,342AA,On Campus,12 months full-time or 36 months part-time,150,https://handbook.unimelb.edu.au/2024/courses/342aa
Ph.D.- Science,751AA,On Campus,"3 years full-time, or equivalent part-time —",None,https://handbook.unimelb.edu.au/2024/courses/751aa
Master of Fine Arts (Interdisciplinary Arts Practice),MR-FAIAP,On Campus,"2 years full-time, or equivalent part-time —",None,https://handbook.unimelb.edu.au/2024/courses/mr-faiap
Doctor of Clinical Dentistry,661AA,On Campus,36 months full-time,300,https://handbook.unimelb.edu.au/2024/courses/661aa
Ph.D.- Architecture & Planning,051AA,On Campus,"3 years full-time, or equivalent part-time —",None,https://handbook.unimelb.edu.au/2024/courses/051aa
Bachelor of Arts (Extended),B-ARTSEXT,On Campus,48 months full-time or 96 months part-time,400,https://handbook.unimelb.edu.au/2024/courses/b-artsext
Diploma in General Studies (Extended),D-GENSTEXT,On Campus,18 months full-time,150,https://handbook.unimelb.edu.au/2024/courses/d-genstext
Ph.D.- Veterinary Science,871AA,On Campus,"3 years full-time, or equivalent part-time —",None,https://handbook.unimelb.edu.au/2024/courses/871aa
Doctor of Philosophy - Engineering,DR-PHILENG,On Campus,"4 years full-time, or equivalent part-time —",None,https://handbook.unimelb.edu.au/2024/courses/dr-phileng
Doctor of Philosophy - Victorian College of the Arts,DR-PHILVCA,On Campus,"4 years full-time, or equivalent part-time —",None,https://handbook.unimelb.edu.au/2024/courses/dr-philvca
Master of Business Administration,MC-BAPT,On Campus,48 months part-time,225,https://handbook.unimelb.edu.au/2024/courses/mc-bapt
Graduate Certificate in Health Informatics and Digital Health,GC-HINFDH,Mixed Attendance Mode,6 months full-time or 12 months part-time,50,https://handbook.unimelb.edu.au/2024/courses/gc-hinfdh
Graduate Certificate in Learning Intervention,GC-LI,On Campus,12 months part-time,50,https://handbook.unimelb.edu.au/2024/courses/gc-li
Master of Educational Psychology/Doctor of Philosophy,G02AA,On Campus,"4 years full-time, or equivalent part-time —",None,https://handbook.unimelb.edu.au/2024/courses/g02aa
Master of Evaluation,MR-EVAL,On Campus,"2 years full-time, or equivalent part-time —",None,https://handbook.unimelb.edu.au/2024/courses/mr-eval
Master of Educational Psychology,312AA,On Campus,24 months full-time or 48 months part-time,200,https://handbook.unimelb.edu.au/2024/courses/312aa
Graduate Diploma in Clinical Dentistry (Implants),GD-CDIMPL,On Campus,24 months part-time,100,https://handbook.unimelb.edu.au/2024/courses/gd-cdimpl
Master of Professional Management,MC-PROFMGT,Online,18 months full-time or 36 months part-time,150,https://handbook.unimelb.edu.au/2024/courses/mc-profmgt
Graduate Certificate in Learning Intervention,GC-LI,On Campus,12 months part-time,50,https://handbook.unimelb.edu.au/2024/courses/gc-li
Master of Educational Psychology/Doctor of Philosophy,G02AA,On Campus,"4 years full-time, or equivalent part-time —",None,https://handbook.unimelb.edu.au/2024/courses/g02aa
Graduate Certificate in Advanced Veterinary Practice,GC-AVETPR,Online,6 months full-time,50,https://handbook.unimelb.edu.au/2024/courses/gc-avetpr
Graduate Certificate in Managing Youth Self-Harm and Suicide,GC-MANYSHS,Online,12 months part-time,50,https://handbook.unimelb.edu.au/2024/courses/gc-manyshs
Master of Environmental Engineering,206EC,On Campus,12 months full-time or 24 months part-time,100,https://handbook.unimelb.edu.au/2024/courses/206ec
Graduate Certificate in Tertiary Education (Management),GC-TEDMGT,Online,12 months part-time,50,https://handbook.unimelb.edu.au/2024/courses/gc-tedmgt
Master of Laws (Global Competition and Consumer Law),MC-LAWGCCL,Mixed Attendance Mode,24 months part-time,100,https://handbook.unimelb.edu.au/2024/courses/mc-lawgccl
Specialist Certificate in Creativity and Health,SC-CRHLTH,Online,6 months part-time,25,https://handbook.unimelb.edu.au/2024/courses/sc-crhlth
Master of Fine Arts (Theatre),MR-FATHTR,On Campus,"2 years full-time, or equivalent part-time —",None,https://handbook.unimelb.edu.au/2024/courses/mr-fathtr
Master of Music (Music Performance),652MP,On Campus,"2 years full-time, or equivalent part-time —",None,https://handbook.unimelb.edu.au/2024/courses/652mp
Master of Music (Composition),652CO,On Campus,"2 years full-time, or equivalent part-time —",None,https://handbook.unimelb.edu.au/2024/courses/652co
Master of Tertiary Education (Management),MC-TEDMGT,Online,24 months part-time,100,https://handbook.unimelb.edu.au/2024/courses/mc-tedmgt
Graduate Certificate in Applied Analytics,GC-APPANA,Online,12 months part-time,50,https://handbook.unimelb.edu.au/2024/courses/gc-appana
Professional Certificate in Wellbeing Leadership,PR-WBLEAD,Online,6 months part-time,25,https://handbook.unimelb.edu.au/2024/courses/pr-wblead
Graduate Certificate in Small Animal Ultrasound Abdominal,GC-SAUA,Online,12 months part-time,50,https://handbook.unimelb.edu.au/2024/courses/gc-saua
Specialist Certificate in Glaucoma and Retinal Disease,SC-GARD,Online,6 months part-time,25,https://handbook.unimelb.edu.au/2024/courses/sc-gard
Specialist Certificate in the Management of Neuro-Ophthalmic Disorders,SC-MGTNOD,Online,6 months part-time,25,https://handbook.unimelb.edu.au/2024/courses/sc-mgtnod
Specialist Certificate in the Management of Paediatric Patients,SC-MPP,Online,6 months part-time,25,https://handbook.unimelb.edu.au/2024/courses/sc-mpp
Specialist Certificate in the Management of Contact Lens Patients,SC-MCLP,Online,6 months part-time,25,https://handbook.unimelb.edu.au/2024/courses/sc-mclp
Specialist Certificate in the Management of Low Vision Patients,SC-MLVP,Online,6 months part-time,25,https://handbook.unimelb.edu.au/2024/courses/sc-mlvp
Specialist Certificate in Criminology (Offender Management),SC-CRIMOM,On Campus,6 months part-time,25,https://handbook.unimelb.edu.au/2024/courses/sc-crimom
Master of Clinical Optometry,MC-CLINOPT,Online,24 months part-time,100,https://handbook.unimelb.edu.au/2024/courses/mc-clinopt
Professional Certificate in Wellbeing Coaching,PR-WBCOACH,Online,6 months part-time,25,https://handbook.unimelb.edu.au/2024/courses/pr-wbcoach
Specialist Certificate in Glaucoma and Retinal Disease,SC-GARD,Online,6 months part-time,25,https://handbook.unimelb.edu.au/2024/courses/sc-gard
Master of Applied Analytics,MC-APPANA,Online,24 months part-time,100,https://handbook.unimelb.edu.au/2024/courses/mc-appana
Master of Clinical Dentistry,MC-CLIND,On Campus,12 months full-time or 24 months part-time,100,https://handbook.unimelb.edu.au/2024/courses/mc-clind
Master of Production Design,MC-PRODDES,On Campus,24 months full-time,200,https://handbook.unimelb.edu.au/2024/courses/mc-proddes
Master of Engineering,MC-ENG,On Campus,36 months full-time or 72 months part-time,300,https://handbook.unimelb.edu.au/2024/courses/mc-eng
Master of Spatial Engineering,MC-SPATENG,On Campus,36 months full-time or 72 months part-time,300,https://handbook.unimelb.edu.au/2024/courses/mc-spateng
Master of Environment,441ME,On Campus,24 months full-time or 48 months part-time,200,https://handbook.unimelb.edu.au/2024/courses/441me
