Subject Name,Subject Code,Primary Info,Credit Points,Subject Url
Korean 5,KORE10005,"Offered Semester 1, 2024",1,https://handbook.unimelb.edu.au/2024/subjects/kore10005
Korean 6,KORE10006,"Offered Semester 2, 2024",1,https://handbook.unimelb.edu.au/2024/subjects/kore10006
Archaeoastronomy,PHYC20017,"Offered Semester 2, 2024",2,https://handbook.unimelb.edu.au/2024/subjects/phyc20017
Islam and Gender,ISLM30021,"Offered Semester 2, 2024",3,https://handbook.unimelb.edu.au/2024/subjects/islm30021
Foundations of Digital Government,PADM20001,Not offered in 2024,2,https://handbook.unimelb.edu.au/2024/subjects/padm20001
Digital Asia,ASIA20008,"Offered Semester 2, 2024",2,https://handbook.unimelb.edu.au/2024/subjects/asia20008
Music and Health,MUSI10237,"Offered Semester 2, 2024",1,https://handbook.unimelb.edu.au/2024/subjects/musi10237
Our Digital Worlds,ARTS10003,"Offered Semester 2, 2024",1,https://handbook.unimelb.edu.au/2024/subjects/arts10003
Design History & Theory in the Making,ARCH10004,"Offered Semester 1, Semester 2, 2024",1,https://handbook.unimelb.edu.au/2024/subjects/arch10004
The Art and Science of Meditation,MULT10020,"Offered Semester 2, 2024",1,https://handbook.unimelb.edu.au/2024/subjects/mult10020
Languages at Work,LANG30001,Not offered in 2024,3,https://handbook.unimelb.edu.au/2024/subjects/lang30001
Renaissance Drama,ENGL30053,"Offered Semester 1, 2024",3,https://handbook.unimelb.edu.au/2024/subjects/engl30053
The Art of Working Online,MUST10017,Not offered in 2024,1,https://handbook.unimelb.edu.au/2024/subjects/must10017
Symphonic Ensembles 1 (Breadth),MUSI10235,"Offered Semester 1, 2024",1,https://handbook.unimelb.edu.au/2024/subjects/musi10235
Big Band 1 (Breadth),MUSI30277,"Offered Semester 1, 2024",3,https://handbook.unimelb.edu.au/2024/subjects/musi30277
Law Space: Geographies of Justice,GEOG30031,Not offered in 2024,3,https://handbook.unimelb.edu.au/2024/subjects/geog30031
Creative Nonfiction & Multimodal Writing,CWRI10003,"Offered Semester 2, 2024",1,https://handbook.unimelb.edu.au/2024/subjects/cwri10003
Big Band 2 (Breadth),MUSI30278,"Offered Semester 2, 2024",3,https://handbook.unimelb.edu.au/2024/subjects/musi30278
Symphonic Ensembles 2 (Breadth),MUSI10236,"Offered Semester 2, 2024",1,https://handbook.unimelb.edu.au/2024/subjects/musi10236
Topics in Ethnomusicology,MUSI20217,Not offered in 2024,2,https://handbook.unimelb.edu.au/2024/subjects/musi20217
Hebrew 7,HEBR20016,"Offered Semester 1, 2024",2,https://handbook.unimelb.edu.au/2024/subjects/hebr20016
Hebrew 9,HEBR30018,"Offered Semester 1, 2024",3,https://handbook.unimelb.edu.au/2024/subjects/hebr30018
Musicals & Society: Oklahoma to Hamilton,MUST20016,"Offered July, 2024",2,https://handbook.unimelb.edu.au/2024/subjects/must20016
Hebrew 8,HEBR30017,"Offered Semester 2, 2024",3,https://handbook.unimelb.edu.au/2024/subjects/hebr30017
Berlin and Beyond,GERM20011,"Offered Winter Term, 2024",2,https://handbook.unimelb.edu.au/2024/subjects/germ20011
Optimising Personal Performance,MUSI20228,"Offered Semester 1, 2024",2,https://handbook.unimelb.edu.au/2024/subjects/musi20228
Movies and Money 1,FLTV20022,"Offered Semester 2, 2024",2,https://handbook.unimelb.edu.au/2024/subjects/fltv20022
Music Performance Science,MUSI20223,"Offered Semester 1, 2024",2,https://handbook.unimelb.edu.au/2024/subjects/musi20223
Hebrew 10,HEBR30019,"Offered Semester 2, 2024",3,https://handbook.unimelb.edu.au/2024/subjects/hebr30019
Making Micro Documentaries,FLTV10024,"Offered Semester 1, Semester 2, 2024",1,https://handbook.unimelb.edu.au/2024/subjects/fltv10024
Indigenous Music and Musicians,MUSI20231,"Offered Semester 1, 2024",2,https://handbook.unimelb.edu.au/2024/subjects/musi20231
The Electronic Arts: Vision and Sound,CCDP10002,"Offered Semester 1, Semester 2, 2024",1,https://handbook.unimelb.edu.au/2024/subjects/ccdp10002
Video Games: Remaking Reality,CCDP10003,"Offered Semester 1, Semester 2, 2024",1,https://handbook.unimelb.edu.au/2024/subjects/ccdp10003
Area Studies in Ethnomusicology,MUSI20218,Not offered in 2024,2,https://handbook.unimelb.edu.au/2024/subjects/musi20218
Wines of the World,EURO20009,"Offered July, 2024",2,https://handbook.unimelb.edu.au/2024/subjects/euro20009
Science & Engineering in Popular Culture,MULT30023,"Offered Semester 2, 2024",3,https://handbook.unimelb.edu.au/2024/subjects/mult30023
French 8,FREN20023,"Offered Semester 2, 2024",2,https://handbook.unimelb.edu.au/2024/subjects/fren20023
Staging German,GERM30025,"Offered Semester 2, 2024",3,https://handbook.unimelb.edu.au/2024/subjects/germ30025
Digital Tools and Methods,ARTS20001,"Offered Semester 1, 2024",2,https://handbook.unimelb.edu.au/2024/subjects/arts20001
Dramatic Texts & Empowering Youth,EDUC20084,Not offered in 2024,2,https://handbook.unimelb.edu.au/2024/subjects/educ20084
Critical Debates,ENGL20035,"Offered Semester 2, 2024",2,https://handbook.unimelb.edu.au/2024/subjects/engl20035
Indigenous Musical Instruments,MUSI20232,Not offered in 2024,2,https://handbook.unimelb.edu.au/2024/subjects/musi20232
Digital Humanities and Social Sciences,ARTS30003,"Offered Semester 1, 2024",3,https://handbook.unimelb.edu.au/2024/subjects/arts30003
Resistance in Indigenous Design,CREA30001,Not offered in 2024,3,https://handbook.unimelb.edu.au/2024/subjects/crea30001
Breeding Better Humans? A History,HPSC20025,Not offered in 2024,2,https://handbook.unimelb.edu.au/2024/subjects/hpsc20025
Reporting for Sustainability,ACCT30012,"Offered Summer Term, Semester 2, 2024",3,https://handbook.unimelb.edu.au/2024/subjects/acct30012
Indonesian 5,INDO10003,"Offered Semester 1, 2024",1,https://handbook.unimelb.edu.au/2024/subjects/indo10003
Decolonising the Landscape MultiStudio 2,AIND20013,Not offered in 2024,2,https://handbook.unimelb.edu.au/2024/subjects/aind20013
Build-Your-Own: Metaphysics,PHIL30055,"Offered Semester 2, 2024",3,https://handbook.unimelb.edu.au/2024/subjects/phil30055
"Philosophy, Politics and Economics",ARTS10004,Not offered in 2024,1,https://handbook.unimelb.edu.au/2024/subjects/arts10004
French 7,FREN10008,"Offered Semester 1, 2024",1,https://handbook.unimelb.edu.au/2024/subjects/fren10008
Arts Internship,MULT20010,"Offered Summer Term, Semester 1, Semester 2, 2024",2,https://handbook.unimelb.edu.au/2024/subjects/mult20010
Wellbeing Through Drama Education,EDUC20086,Not offered in 2024,2,https://handbook.unimelb.edu.au/2024/subjects/educ20086
Gender and Crime,CRIM30013,"Offered Semester 2, 2024",3,https://handbook.unimelb.edu.au/2024/subjects/crim30013
Russian 1,RUSS10001,"Offered Semester 1, 2024",1,https://handbook.unimelb.edu.au/2024/subjects/russ10001
Migrant Nation: History Culture Identity,HIST20091,"Offered Semester 1, 2024",2,https://handbook.unimelb.edu.au/2024/subjects/hist20091
Realities and Fictions of Argentina,SPAN20025,"Offered Winter Term, 2024",2,https://handbook.unimelb.edu.au/2024/subjects/span20025
Extractive Legacies in Latin America,ANTH30025,Not offered in 2024,3,https://handbook.unimelb.edu.au/2024/subjects/anth30025
"Global Diasporas, Hellenic Cultures",HIST30077,"Offered Semester 2, 2024",3,https://handbook.unimelb.edu.au/2024/subjects/hist30077
Visualisation and Data Wrangling,BUSA20001,"Offered Semester 2, 2024",2,https://handbook.unimelb.edu.au/2024/subjects/busa20001
Stand Up and Be Funny,PERF20001,"Offered Semester 1, Semester 2, 2024",2,https://handbook.unimelb.edu.au/2024/subjects/perf20001
Going Places - Travelling Smarter,ARTS20002,"Offered Semester 1, Semester 2, 2024",2,https://handbook.unimelb.edu.au/2024/subjects/arts20002
Wine & Spirits:An Australian Perspective,AGRI20045,"Offered July, September, 2024",2,https://handbook.unimelb.edu.au/2024/subjects/agri20045
The Buddhist Universe: An Introduction,MULT10021,"Offered Semester 2, 2024",1,https://handbook.unimelb.edu.au/2024/subjects/mult10021
Samba Band,MUSI20163,"Offered January, Semester 1, June, Semester 2, 2024",2,https://handbook.unimelb.edu.au/2024/subjects/musi20163
Theatre Histories,ENGL20036,"Offered Semester 2, 2024",2,https://handbook.unimelb.edu.au/2024/subjects/engl20036
"Science, Technology and Public Policy",PPMN20001,Not offered in 2024,2,https://handbook.unimelb.edu.au/2024/subjects/ppmn20001
German 1,GERM10004,"Offered Summer Term, Semester 1, Winter Term, 2024",1,https://handbook.unimelb.edu.au/2024/subjects/germ10004
French 6,FREN20002,"Offered Semester 2, 2024",2,https://handbook.unimelb.edu.au/2024/subjects/fren20002
Experiencing Italian Foodscapes,EURO20008,Not offered in 2024,2,https://handbook.unimelb.edu.au/2024/subjects/euro20008
German 9,GERM20009,"Offered Semester 1, 2024",2,https://handbook.unimelb.edu.au/2024/subjects/germ20009
Indonesian Literature and Film,INDO30006,"Offered Semester 1, 2024",3,https://handbook.unimelb.edu.au/2024/subjects/indo30006
From Page to Stage: French Theatre,FREN20022,"Offered Semester 1, 2024",2,https://handbook.unimelb.edu.au/2024/subjects/fren20022
Renaissance Art in Global Context,AHIS30022,"Offered Semester 2, 2024",3,https://handbook.unimelb.edu.au/2024/subjects/ahis30022
Free Play New Music Improvisation Ensem,MUSI20164,"Offered January, Semester 1, June, Semester 2, 2024",2,https://handbook.unimelb.edu.au/2024/subjects/musi20164
French 3,FREN10001,"Offered Semester 1, 2024",1,https://handbook.unimelb.edu.au/2024/subjects/fren10001
Hebrew 4,HEBR10006,"Offered Semester 2, 2024",1,https://handbook.unimelb.edu.au/2024/subjects/hebr10006
Second Language Learning and Teaching,LING20003,"Offered Semester 2, 2024",2,https://handbook.unimelb.edu.au/2024/subjects/ling20003
First Language Acquisition,LING30003,Not offered in 2024,3,https://handbook.unimelb.edu.au/2024/subjects/ling30003
Rebels and Revolutionaries,HIST20065,"Offered Semester 1, 2024",2,https://handbook.unimelb.edu.au/2024/subjects/hist20065
Ancient Greek 4,CLAS10021,"Offered Semester 2, 2024",1,https://handbook.unimelb.edu.au/2024/subjects/clas10021
Italian 4,ITAL10002,"Offered Semester 2, 2024",1,https://handbook.unimelb.edu.au/2024/subjects/ital10002
Chinese 5,CHIN30008,"Offered Semester 1, 2024",3,https://handbook.unimelb.edu.au/2024/subjects/chin30008
French 5,FREN10006,"Offered Semester 1, 2024",1,https://handbook.unimelb.edu.au/2024/subjects/fren10006
Experiencing Italian Foodscapes,EURO30007,Not offered in 2024,3,https://handbook.unimelb.edu.au/2024/subjects/euro30007
Italian 3,ITAL20007,"Offered Semester 1, 2024",2,https://handbook.unimelb.edu.au/2024/subjects/ital20007
Australian Politics in the Long Run,POLS30007,Not offered in 2024,3,https://handbook.unimelb.edu.au/2024/subjects/pols30007
Japanese 8,JAPN20004,"Offered Semester 2, 2024",2,https://handbook.unimelb.edu.au/2024/subjects/japn20004
Hebrew 6,HEBR20008,"Offered Semester 2, 2024",2,https://handbook.unimelb.edu.au/2024/subjects/hebr20008
The Holocaust & Genocide,HIST20013,Not offered in 2024,2,https://handbook.unimelb.edu.au/2024/subjects/hist20013
A History of Violence,HIST30068,"Offered Semester 1, 2024",3,https://handbook.unimelb.edu.au/2024/subjects/hist30068
Great Chinese Classics,CHIN30011,"Offered Semester 1, 2024",3,https://handbook.unimelb.edu.au/2024/subjects/chin30011
Ethnic Nationalism and the Modern World,ANTH20011,"Offered Semester 1, 2024",2,https://handbook.unimelb.edu.au/2024/subjects/anth20011
Spanish 5,SPAN10007,"Offered Semester 1, 2024",1,https://handbook.unimelb.edu.au/2024/subjects/span10007
"Rock, Pop & Resistance",SPAN30012,"Offered Semester 2, 2024",3,https://handbook.unimelb.edu.au/2024/subjects/span30012
Latin 4,CLAS20031,"Offered Semester 2, 2024",2,https://handbook.unimelb.edu.au/2024/subjects/clas20031
Indonesian Literature and Film,INDO20015,"Offered Semester 1, 2024",2,https://handbook.unimelb.edu.au/2024/subjects/indo20015
"Genders, Bodies & Sexualities",GEND20003,Not offered in 2024,2,https://handbook.unimelb.edu.au/2024/subjects/gend20003
Media and Urban Culture in Asia,ASIA20001,Not offered in 2024,2,https://handbook.unimelb.edu.au/2024/subjects/asia20001
German 2,GERM10005,"Offered Semester 2, 2024",1,https://handbook.unimelb.edu.au/2024/subjects/germ10005
Memory & Memoirs of 20th Century Europe,EURO20003,Not offered in 2024,2,https://handbook.unimelb.edu.au/2024/subjects/euro20003
Romanticism to Decadence: French Novels,FREN30005,Not offered in 2024,3,https://handbook.unimelb.edu.au/2024/subjects/fren30005
The Rise and Fall of the Roman Republic,ANCW20019,"Offered Semester 1, 2024",2,https://handbook.unimelb.edu.au/2024/subjects/ancw20019
Analysing Professional Communication,MECM20012,"Offered Summer Term, 2024",2,https://handbook.unimelb.edu.au/2024/subjects/mecm20012
Australia Now,MULT20013,Not offered in 2024,2,https://handbook.unimelb.edu.au/2024/subjects/mult20013
Arabic 6,ARBC30005,"Offered Semester 2, 2024",3,https://handbook.unimelb.edu.au/2024/subjects/arbc30005
Italian 7,ITAL20002,"Offered Semester 1, 2024",2,https://handbook.unimelb.edu.au/2024/subjects/ital20002
Astronomy in World History,HPSC20015,"Offered Summer Term, 2024",2,https://handbook.unimelb.edu.au/2024/subjects/hpsc20015
Modern Southeast Asia,HIST20034,"Offered Semester 1, 2024",2,https://handbook.unimelb.edu.au/2024/subjects/hist20034
"Romanticism, Feminism, Revolution",ENGL20020,"Offered Semester 1, 2024",2,https://handbook.unimelb.edu.au/2024/subjects/engl20020
Ancient Egypt and Mesopotamia,ANCW10001,"Offered Semester 1, 2024",1,https://handbook.unimelb.edu.au/2024/subjects/ancw10001
Contemporary Korea,KORE20002,"Offered Semester 2, 2024",2,https://handbook.unimelb.edu.au/2024/subjects/kore20002
Italian 6,ITAL10007,"Offered Semester 2, 2024",1,https://handbook.unimelb.edu.au/2024/subjects/ital10007
Ancient Greek 1,CLAS10004,"Offered Semester 1, Winter Term, 2024",1,https://handbook.unimelb.edu.au/2024/subjects/clas10004
Spanish 1,SPAN10001,"Offered Semester 1, Winter Term, 2024",1,https://handbook.unimelb.edu.au/2024/subjects/span10001
Dancing the Dance 3: Dance for Video,DNCE20033,"Offered Semester 2, 2024",2,https://handbook.unimelb.edu.au/2024/subjects/dnce20033
Japanese 7,JAPN10005,"Offered Semester 1, 2024",1,https://handbook.unimelb.edu.au/2024/subjects/japn10005
Writing Videogames and Live Performance,CWRI30015,"Offered Semester 1, 2024",3,https://handbook.unimelb.edu.au/2024/subjects/cwri30015
Italian 4,ITAL20008,"Offered Semester 2, 2024",2,https://handbook.unimelb.edu.au/2024/subjects/ital20008
Life Writing,CWRI30013,"Offered Semester 2, 2024",3,https://handbook.unimelb.edu.au/2024/subjects/cwri30013
Translation: Intercultural Indonesian,INDO20016,"Offered Semester 2, 2024",2,https://handbook.unimelb.edu.au/2024/subjects/indo20016
French and Francophone Cultural Studies,FREN20016,Not offered in 2024,2,https://handbook.unimelb.edu.au/2024/subjects/fren20016
Philosophy: The Big Questions,PHIL10002,"Offered Semester 1, 2024",1,https://handbook.unimelb.edu.au/2024/subjects/phil10002
Inside the City of Diversity,GEOG20008,"Offered Semester 2, 2024",2,https://handbook.unimelb.edu.au/2024/subjects/geog20008
Islam and Ethics: Doctrines and Debates,ISLM30003,"Offered Semester 2, 2024",3,https://handbook.unimelb.edu.au/2024/subjects/islm30003
Ancient & Contemporary Indigenous Arts 2,AIND20012,"Offered Winter Term, 2024",2,https://handbook.unimelb.edu.au/2024/subjects/aind20012
International Gender Politics,POLS30015,Not offered in 2024,3,https://handbook.unimelb.edu.au/2024/subjects/pols30015
"Crime, Criminology, and Critique",CRIM10001,"Offered Semester 1, 2024",1,https://handbook.unimelb.edu.au/2024/subjects/crim10001
Variation in Japanese Language,JAPN30012,"Offered Summer Term, Semester 1, 2024",3,https://handbook.unimelb.edu.au/2024/subjects/japn30012
Philosophy of Language,PHIL30053,"Offered Semester 1, 2024",3,https://handbook.unimelb.edu.au/2024/subjects/phil30053
God and the Natural Sciences,HPSC20020,"Offered Semester 1, 2024",2,https://handbook.unimelb.edu.au/2024/subjects/hpsc20020
Modern and Contemporary Literature,ENGL10001,"Offered Semester 2, 2024",1,https://handbook.unimelb.edu.au/2024/subjects/engl10001
Ancient Egyptian 3,ANCW20023,"Offered Semester 1, 2024",2,https://handbook.unimelb.edu.au/2024/subjects/ancw20023
Arabic 5,ARBC20006,"Offered Semester 1, 2024",2,https://handbook.unimelb.edu.au/2024/subjects/arbc20006
Chinese 6,CHIN30009,"Offered Semester 2, 2024",3,https://handbook.unimelb.edu.au/2024/subjects/chin30009
Asian Religions in Societal Context,ASIA30003,"Offered Semester 1, 2024",3,https://handbook.unimelb.edu.au/2024/subjects/asia30003
German 7,GERM20001,"Offered Semester 1, 2024",2,https://handbook.unimelb.edu.au/2024/subjects/germ20001
Language and Society in Europe,EURO20001,"Offered Semester 2, 2024",2,https://handbook.unimelb.edu.au/2024/subjects/euro20001
"Slavery & Freedom: US History, 1763-1945",HIST20059,"Offered Semester 1, 2024",2,https://handbook.unimelb.edu.au/2024/subjects/hist20059
Korean 4,KORE10004,"Offered Semester 2, 2024",1,https://handbook.unimelb.edu.au/2024/subjects/kore10004
Contemporary Art,AHIS30020,"Offered Semester 1, 2024",3,https://handbook.unimelb.edu.au/2024/subjects/ahis30020
Japanese Grammar in Action,JAPN20010,"Offered Semester 2, 2024",2,https://handbook.unimelb.edu.au/2024/subjects/japn20010
Advanced Seminar in Chinese,CHIN20022,"Offered Semester 1, 2024",2,https://handbook.unimelb.edu.au/2024/subjects/chin20022
Punishment and Social Control,CRIM20006,"Offered Semester 2, 2024",2,https://handbook.unimelb.edu.au/2024/subjects/crim20006
City Visions: Melbourne Intensive,HIST20087,"Offered Summer Term, 2024",2,https://handbook.unimelb.edu.au/2024/subjects/hist20087
The French Revolution,HIST20068,"Offered Semester 1, 2024",2,https://handbook.unimelb.edu.au/2024/subjects/hist20068
German 10,GERM30004,"Offered Semester 2, 2024",3,https://handbook.unimelb.edu.au/2024/subjects/germ30004
Transit Oriented Development,PLAN30004,"Offered Semester 1, 2024",3,https://handbook.unimelb.edu.au/2024/subjects/plan30004
Global Criminology,CRIM30002,"Offered Semester 2, 2024",3,https://handbook.unimelb.edu.au/2024/subjects/crim30002
Analysis of Contemporary Chinese Society,CHIN30006,"Offered Semester 2, 2024",3,https://handbook.unimelb.edu.au/2024/subjects/chin30006
Genders and Desires in Asia,ASIA20003,"Offered Semester 1, 2024",2,https://handbook.unimelb.edu.au/2024/subjects/asia20003
Decadent Literature,ENGL30016,Not offered in 2024,3,https://handbook.unimelb.edu.au/2024/subjects/engl30016
French 7,FREN30001,"Offered Semester 1, 2024",3,https://handbook.unimelb.edu.au/2024/subjects/fren30001
Italian 7,ITAL30015,"Offered Semester 1, 2024",3,https://handbook.unimelb.edu.au/2024/subjects/ital30015
Chinese 6,CHIN10018,"Offered Semester 2, 2024",1,https://handbook.unimelb.edu.au/2024/subjects/chin10018
"Israelis & Palestinians: Conflict, Peace",JEWI20006,"Offered Semester 2, 2024",2,https://handbook.unimelb.edu.au/2024/subjects/jewi20006
German 6,GERM30006,"Offered Semester 2, 2024",3,https://handbook.unimelb.edu.au/2024/subjects/germ30006
The Politics of Sex,POLS20011,Not offered in 2024,2,https://handbook.unimelb.edu.au/2024/subjects/pols20011
European Art & Absolute Power 1660-1815,AHIS30003,"Offered Semester 1, 2024",3,https://handbook.unimelb.edu.au/2024/subjects/ahis30003
Shakespeare in Performance,ENGL20033,"Offered Semester 1, 2024",2,https://handbook.unimelb.edu.au/2024/subjects/engl20033
Social Problems in Japan,JAPN30002,"Offered Semester 2, 2024",3,https://handbook.unimelb.edu.au/2024/subjects/japn30002
Keeping the Body in Mind,ANTH20001,"Offered Semester 1, 2024",2,https://handbook.unimelb.edu.au/2024/subjects/anth20001
Copernicus to Darwin: A Cultural History,HPSC30037,"Offered Summer Term, 2024",3,https://handbook.unimelb.edu.au/2024/subjects/hpsc30037
German 9,GERM30003,"Offered Semester 1, 2024",3,https://handbook.unimelb.edu.au/2024/subjects/germ30003
German Cultural Studies C,GERM30002,"Offered Semester 1, 2024",3,https://handbook.unimelb.edu.au/2024/subjects/germ30002
Novels,CWRI30001,"Offered Semester 1, 2024",3,https://handbook.unimelb.edu.au/2024/subjects/cwri30001
Korean 2,KORE10002,"Offered Semester 2, 2024",1,https://handbook.unimelb.edu.au/2024/subjects/kore10002
Italian 5A,ITAL30003,"Offered Semester 1, 2024",3,https://handbook.unimelb.edu.au/2024/subjects/ital30003
German Cultural Studies B,GERM20003,"Offered Semester 1, 2024",2,https://handbook.unimelb.edu.au/2024/subjects/germ20003
Latin 4,CLAS10014,"Offered Semester 2, 2024",1,https://handbook.unimelb.edu.au/2024/subjects/clas10014
Valuation of Land and Buildings,PROP30001,"Offered Semester 1, 2024",3,https://handbook.unimelb.edu.au/2024/subjects/prop30001
Spanish 4,SPAN10004,"Offered Semester 2, 2024",1,https://handbook.unimelb.edu.au/2024/subjects/span10004
Spanish 7,SPAN30016,"Offered Semester 1, 2024",3,https://handbook.unimelb.edu.au/2024/subjects/span30016
Contemporary Chinese Literature,CHIN10019,"Offered Semester 1, 2024",1,https://handbook.unimelb.edu.au/2024/subjects/chin10019
Aboriginal Writing,INDG30004,Not offered in 2024,3,https://handbook.unimelb.edu.au/2024/subjects/indg30004
"City Cultures, Urban Ecologies",CULS30005,Not offered in 2024,3,https://handbook.unimelb.edu.au/2024/subjects/culs30005
Performance and the World,ENGL30048,"Offered Semester 2, 2024",3,https://handbook.unimelb.edu.au/2024/subjects/engl30048
A History of Sexualities,HIST30004,"Offered Semester 2, 2024",3,https://handbook.unimelb.edu.au/2024/subjects/hist30004
Australian Foreign Policy,POLS30019,"Offered Semester 2, 2024",3,https://handbook.unimelb.edu.au/2024/subjects/pols30019
Hebrew 2,HEBR10002,"Offered Semester 2, 2024",1,https://handbook.unimelb.edu.au/2024/subjects/hebr10002
"Rock, Pop & Resistance",SPAN20016,"Offered Semester 2, 2024",2,https://handbook.unimelb.edu.au/2024/subjects/span20016
Science and Society,HPSC30023,"Offered Semester 1, 2024",3,https://handbook.unimelb.edu.au/2024/subjects/hpsc30023
Asian Century: Meaning and Impact,ASIA10002,"Offered Semester 2, 2024",1,https://handbook.unimelb.edu.au/2024/subjects/asia10002
"Language, Society and Culture",LING20010,"Offered Semester 2, 2024",2,https://handbook.unimelb.edu.au/2024/subjects/ling20010
German 5,GERM20007,"Offered Semester 1, 2024",2,https://handbook.unimelb.edu.au/2024/subjects/germ20007
Ancient Egyptian 1,ANCW10006,"Offered Semester 1, 2024",1,https://handbook.unimelb.edu.au/2024/subjects/ancw10006
Chinese 9,CHIN10001,"Offered Semester 1, 2024",1,https://handbook.unimelb.edu.au/2024/subjects/chin10001
"Literature, Environment, Crisis",ENGL30047,"Offered Semester 2, 2024",3,https://handbook.unimelb.edu.au/2024/subjects/engl30047
Indigenous People & Ecological Collapse,INDG20002,"Offered Semester 2, 2024",2,https://handbook.unimelb.edu.au/2024/subjects/indg20002
German 7,GERM30021,"Offered Semester 1, 2024",3,https://handbook.unimelb.edu.au/2024/subjects/germ30021
Japanese Grammar in Action,JAPN30013,"Offered Semester 2, 2024",3,https://handbook.unimelb.edu.au/2024/subjects/japn30013
Spirituality in Islam,ISLM20016,"Offered Semester 1, 2024",2,https://handbook.unimelb.edu.au/2024/subjects/islm20016
Comedy,ENGL30051,"Offered Semester 1, 2024",3,https://handbook.unimelb.edu.au/2024/subjects/engl30051
Knowledge and Reality,PHIL20047,"Offered Semester 2, 2024",2,https://handbook.unimelb.edu.au/2024/subjects/phil20047
Research Methods for Planners,PLAN30003,"Offered Semester 1, 2024",3,https://handbook.unimelb.edu.au/2024/subjects/plan30003
"Music, Mind & Wellbeing",MUSI20225,"Offered Semester 2, 2024",2,https://handbook.unimelb.edu.au/2024/subjects/musi20225
China Since Mao,CHIN20008,"Offered Semester 2, 2024",2,https://handbook.unimelb.edu.au/2024/subjects/chin20008
Creative Writing: Poetry and Fiction,CWRI10001,"Offered Semester 1, 2024",1,https://handbook.unimelb.edu.au/2024/subjects/cwri10001
Russian 3,RUSS20004,"Offered Semester 1, 2024",2,https://handbook.unimelb.edu.au/2024/subjects/russ20004
Corporate Power and White Collar Crime,CRIM30005,"Offered Semester 1, 2024",3,https://handbook.unimelb.edu.au/2024/subjects/crim30005
Media and Society,MECM10003,"Offered Semester 1, 2024",1,https://handbook.unimelb.edu.au/2024/subjects/mecm10003
Latin 3,CLAS20029,"Offered Semester 1, 2024",2,https://handbook.unimelb.edu.au/2024/subjects/clas20029
Variation in Japanese Language,JAPN10010,"Offered Semester 1, 2024",1,https://handbook.unimelb.edu.au/2024/subjects/japn10010
Ancient Egyptian 4,ANCW20024,"Offered Semester 2, 2024",2,https://handbook.unimelb.edu.au/2024/subjects/ancw20024
Hispanic Cultural Studies,SPAN20001,"Offered Semester 2, 2024",2,https://handbook.unimelb.edu.au/2024/subjects/span20001
Indonesian Literature and Film,INDO10012,"Offered Semester 1, 2024",1,https://handbook.unimelb.edu.au/2024/subjects/indo10012
German 6,GERM10007,"Offered Semester 2, 2024",1,https://handbook.unimelb.edu.au/2024/subjects/germ10007
Chinese Politics and Society,POLS30011,"Offered Semester 1, 2024",3,https://handbook.unimelb.edu.au/2024/subjects/pols30011
Clear Speech and Communication,THTR10019,"Offered Semester 1, Semester 2, 2024",1,https://handbook.unimelb.edu.au/2024/subjects/thtr10019
Interpreting Material Culture,ANCW20028,"Offered Summer Term, 2024",2,https://handbook.unimelb.edu.au/2024/subjects/ancw20028
French 6,FREN30004,"Offered Semester 2, 2024",3,https://handbook.unimelb.edu.au/2024/subjects/fren30004
Italian 7,ITAL10009,"Offered Semester 1, 2024",1,https://handbook.unimelb.edu.au/2024/subjects/ital10009
Sociology of Culture,SOCI20016,"Offered Semester 2, 2024",2,https://handbook.unimelb.edu.au/2024/subjects/soci20016
Agribusiness Marketing & Value Chains,AGRI30040,"Offered July, 2024",3,https://handbook.unimelb.edu.au/2024/subjects/agri30040
Music in Australia,MUSI30269,"Offered Semester 2, 2024",3,https://handbook.unimelb.edu.au/2024/subjects/musi30269
"Science, Philosophy and Society",HPSC10002,"Offered Semester 1, 2024",1,https://handbook.unimelb.edu.au/2024/subjects/hpsc10002
French 2,FREN10005,"Offered Semester 2, 2024",1,https://handbook.unimelb.edu.au/2024/subjects/fren10005
Hitler's Germany and Fascism,HIST30010,"Offered Semester 2, 2024",3,https://handbook.unimelb.edu.au/2024/subjects/hist30010
Immigration and Identity,FREN30017,"Offered Semester 2, 2024",3,https://handbook.unimelb.edu.au/2024/subjects/fren30017
Russian 5,RUSS30001,"Offered Semester 1, 2024",3,https://handbook.unimelb.edu.au/2024/subjects/russ30001
Japanese 8,JAPN10006,"Offered Semester 2, 2024",1,https://handbook.unimelb.edu.au/2024/subjects/japn10006
Japanese Through the Media,JAPN20018,"Offered Semester 1, 2024",2,https://handbook.unimelb.edu.au/2024/subjects/japn20018
Resource Management Economics,AGRI30043,"Offered February, 2024",3,https://handbook.unimelb.edu.au/2024/subjects/agri30043
Cybercrime and Digital Criminology,CRIM20007,"Offered Semester 1, 2024",2,https://handbook.unimelb.edu.au/2024/subjects/crim20007
"On Country, On Campus: Wurundjeri",INDG30003,"Offered Summer Term, Winter Term, 2024",3,https://handbook.unimelb.edu.au/2024/subjects/indg30003
Roman Law in Context,ANCW30026,Not offered in 2024,3,https://handbook.unimelb.edu.au/2024/subjects/ancw30026
Introduction to Screen Studies,SCRN10001,"Offered Semester 1, 2024",1,https://handbook.unimelb.edu.au/2024/subjects/scrn10001
Poetry,CWRI20007,"Offered Semester 1, 2024",2,https://handbook.unimelb.edu.au/2024/subjects/cwri20007
French Cinema: The New Wave and Beyond,FREN20011,Not offered in 2024,2,https://handbook.unimelb.edu.au/2024/subjects/fren20011
International Politics,INTS10001,"Offered Semester 1, 2024",1,https://handbook.unimelb.edu.au/2024/subjects/ints10001
Indonesian Politics and Society,INDO20018,"Offered Semester 1, 2024",2,https://handbook.unimelb.edu.au/2024/subjects/indo20018
Contemporary Italy Study Abroad,ITAL30005,"Offered November, 2024",3,https://handbook.unimelb.edu.au/2024/subjects/ital30005
Intensive Akkadian 1,ANCW10008,Not offered in 2024,1,https://handbook.unimelb.edu.au/2024/subjects/ancw10008
French Travel Writing,FREN30014,Not offered in 2024,3,https://handbook.unimelb.edu.au/2024/subjects/fren30014
Topics in Popular Music Studies,MUSI30271,Not offered in 2024,3,https://handbook.unimelb.edu.au/2024/subjects/musi30271
French 1,FREN10004,"Offered Semester 1, Winter Term, 2024",1,https://handbook.unimelb.edu.au/2024/subjects/fren10004
Chinese 9,CHIN20012,"Offered Semester 1, 2024",2,https://handbook.unimelb.edu.au/2024/subjects/chin20012
Indigenous Cultural Heritage,INDG30002,"Offered Semester 1, 2024",3,https://handbook.unimelb.edu.au/2024/subjects/indg30002
Spanish 3,SPAN20002,"Offered Semester 1, 2024",2,https://handbook.unimelb.edu.au/2024/subjects/span20002
Italian 1,ITAL10004,"Offered Semester 1, 2024",1,https://handbook.unimelb.edu.au/2024/subjects/ital10004
Criminal Law and Political Justice,CRIM20002,"Offered Semester 1, 2024",2,https://handbook.unimelb.edu.au/2024/subjects/crim20002
Chinese 3,CHIN10015,"Offered Semester 1, 2024",1,https://handbook.unimelb.edu.au/2024/subjects/chin10015
Australian Indigenous Politics,MULT20008,"Offered Semester 2, 2024",2,https://handbook.unimelb.edu.au/2024/subjects/mult20008
"Young People, Crime and Justice",CRIM30011,"Offered Semester 1, 2024",3,https://handbook.unimelb.edu.au/2024/subjects/crim30011
Contemporary Japan,JAPN20005,"Offered Semester 1, Winter Term, 2024",2,https://handbook.unimelb.edu.au/2024/subjects/japn20005
Tales of Muslim Spain,SPAN20026,Not offered in 2024,2,https://handbook.unimelb.edu.au/2024/subjects/span20026
Translation: Intercultural Indonesian,INDO30019,"Offered Semester 2, 2024",3,https://handbook.unimelb.edu.au/2024/subjects/indo30019
Italian 3,ITAL10001,"Offered Semester 1, 2024",1,https://handbook.unimelb.edu.au/2024/subjects/ital10001
Living and Dying in the Roman World,ANCW20026,Not offered in 2024,2,https://handbook.unimelb.edu.au/2024/subjects/ancw20026
Racial Literacy: Indigeneity & Whiteness,INDG20004,"Offered Semester 1, 2024",2,https://handbook.unimelb.edu.au/2024/subjects/indg20004
The Australian Imaginary,ENGL20009,"Offered Semester 1, 2024",2,https://handbook.unimelb.edu.au/2024/subjects/engl20009
"Gender, Rights, and Power in History",HIST10017,"Offered Semester 2, 2024",1,https://handbook.unimelb.edu.au/2024/subjects/hist10017
Topics in Musicology,MUSI30270,Not offered in 2024,3,https://handbook.unimelb.edu.au/2024/subjects/musi30270
Managing Justice: Agencies and the State,CRIM30010,"Offered Semester 2, 2024",3,https://handbook.unimelb.edu.au/2024/subjects/crim30010
Italian 1 (Intensive),ITAL10008,"Offered Winter Term, 2024",1,https://handbook.unimelb.edu.au/2024/subjects/ital10008
Survey Design and Analysis,SOCI30013,"Offered Semester 1, 2024",3,https://handbook.unimelb.edu.au/2024/subjects/soci30013
Russian 2,RUSS10002,"Offered Semester 2, 2024",1,https://handbook.unimelb.edu.au/2024/subjects/russ10002
Environmental Design- Commercial,ARCH30003,"Offered June, 2024",3,https://handbook.unimelb.edu.au/2024/subjects/arch30003
The Foundations of Interpretation,PHIL30024,"Offered Semester 1, 2024",3,https://handbook.unimelb.edu.au/2024/subjects/phil30024
Europe and its Others,EURO20006,Not offered in 2024,2,https://handbook.unimelb.edu.au/2024/subjects/euro20006
Indonesian Languages in Social Context,INDO20019,Not offered in 2024,2,https://handbook.unimelb.edu.au/2024/subjects/indo20019
Law in Society,CRIM10002,"Offered Semester 2, 2024",1,https://handbook.unimelb.edu.au/2024/subjects/crim10002
Sexualising Society,SOCI20017,"Offered Semester 1, 2024",2,https://handbook.unimelb.edu.au/2024/subjects/soci20017
Beyond Babylon,ANCW30004,"Offered Semester 2, 2024",3,https://handbook.unimelb.edu.au/2024/subjects/ancw30004
Sex and Gender in the Sciences,HPSC20023,"Offered Semester 2, 2024",2,https://handbook.unimelb.edu.au/2024/subjects/hpsc20023
Chinese 5,CHIN10017,"Offered Semester 1, 2024",1,https://handbook.unimelb.edu.au/2024/subjects/chin10017
Memory & Memoirs of 20th Century Europe,EURO30002,Not offered in 2024,3,https://handbook.unimelb.edu.au/2024/subjects/euro30002
Campaigns and Elections,POLS30032,"Offered Semester 1, 2024",3,https://handbook.unimelb.edu.au/2024/subjects/pols30032
Gender in Hispanic Cultures,SPAN30001,"Offered Semester 1, 2024",3,https://handbook.unimelb.edu.au/2024/subjects/span30001
Feminism,PHIL20046,"Offered Winter Term, 2024",2,https://handbook.unimelb.edu.au/2024/subjects/phil20046
Practical Archaeology,ANCW30023,Not offered in 2024,3,https://handbook.unimelb.edu.au/2024/subjects/ancw30023
"Families, Relationships and Society",SOCI20018,"Offered Semester 1, 2024",2,https://handbook.unimelb.edu.au/2024/subjects/soci20018
American Politics,POLS30030,"Offered Semester 1, 2024",3,https://handbook.unimelb.edu.au/2024/subjects/pols30030
Gothic Fictions,ENGL30013,Not offered in 2024,3,https://handbook.unimelb.edu.au/2024/subjects/engl30013
"Power, Ideology and Inequality",ANTH30005,"Offered Semester 1, 2024",3,https://handbook.unimelb.edu.au/2024/subjects/anth30005
Witch-Hunting in European Societies,HIST20080,Not offered in 2024,2,https://handbook.unimelb.edu.au/2024/subjects/hist20080
From Page to Stage: French Theatre,FREN30020,"Offered Semester 1, 2024",3,https://handbook.unimelb.edu.au/2024/subjects/fren30020
Spanish 5,SPAN30014,"Offered Semester 1, 2024",3,https://handbook.unimelb.edu.au/2024/subjects/span30014
French 7,FREN20019,"Offered Semester 1, 2024",2,https://handbook.unimelb.edu.au/2024/subjects/fren20019
French 6,FREN10007,"Offered Semester 2, 2024",1,https://handbook.unimelb.edu.au/2024/subjects/fren10007
Eurovisions,EURO10002,"Offered Semester 2, 2024",1,https://handbook.unimelb.edu.au/2024/subjects/euro10002
Italian 5,ITAL20011,"Offered Semester 1, 2024",2,https://handbook.unimelb.edu.au/2024/subjects/ital20011
The Rise of the Novel,FREN30012,"Offered Semester 2, 2024",3,https://handbook.unimelb.edu.au/2024/subjects/fren30012
Chinese Cinema,CHIN30018,"Offered Semester 2, 2024",3,https://handbook.unimelb.edu.au/2024/subjects/chin30018
Plato to Einstein: A History of Science,HPSC10001,"Offered Semester 2, 2024",1,https://handbook.unimelb.edu.au/2024/subjects/hpsc10001
The Ancient Greeks: Art & Archaeology,ANCW20027,"Offered Semester 2, 2024",2,https://handbook.unimelb.edu.au/2024/subjects/ancw20027
Technologies of Sex,GEND20010,"Offered Semester 1, 2024",2,https://handbook.unimelb.edu.au/2024/subjects/gend20010
Spanish 6,SPAN30015,"Offered Semester 2, 2024",3,https://handbook.unimelb.edu.au/2024/subjects/span30015
Environmental Design in Housing,ARCH30004,"Offered Summer Term, 2024",3,https://handbook.unimelb.edu.au/2024/subjects/arch30004
Race and Racism in Australia,SOCI30014,"Offered Semester 1, 2024",3,https://handbook.unimelb.edu.au/2024/subjects/soci30014
Chinese 7,CHIN20027,"Offered Semester 1, 2024",2,https://handbook.unimelb.edu.au/2024/subjects/chin20027
Consultants and Government,PADM10001,Not offered in 2024,1,https://handbook.unimelb.edu.au/2024/subjects/padm10001
German Cultural Studies A,GERM20006,"Offered Semester 2, 2024",2,https://handbook.unimelb.edu.au/2024/subjects/germ20006
Hebrew 5,HEBR20007,"Offered Semester 1, 2024",2,https://handbook.unimelb.edu.au/2024/subjects/hebr20007
Post-Conflict Development and Difference,GEOG20012,"Offered Semester 1, 2024",2,https://handbook.unimelb.edu.au/2024/subjects/geog20012
Spanish 3,SPAN10003,"Offered Semester 1, 2024",1,https://handbook.unimelb.edu.au/2024/subjects/span10003
Reading Japanese Literature,JAPN20011,"Offered Semester 2, 2024",2,https://handbook.unimelb.edu.au/2024/subjects/japn20011
"Gender, Sexuality and Power",GEND20001,"Offered Semester 2, 2024",2,https://handbook.unimelb.edu.au/2024/subjects/gend20001
Taiwan & Beyond: Chinese Settler Culture,CHIN30002,"Offered Semester 1, 2024",3,https://handbook.unimelb.edu.au/2024/subjects/chin30002
French 4,FREN10003,"Offered Semester 2, 2024",1,https://handbook.unimelb.edu.au/2024/subjects/fren10003
"Myth, Art and Empire: Greece and Rome",ANCW10002,"Offered Semester 2, 2024",1,https://handbook.unimelb.edu.au/2024/subjects/ancw10002
French 4,FREN20017,"Offered Semester 2, 2024",2,https://handbook.unimelb.edu.au/2024/subjects/fren20017
Introduction to Indigenous Education,EDUC10060,"Offered Semester 1, 2024",1,https://handbook.unimelb.edu.au/2024/subjects/educ10060
Poetry and Poetics of Writing Back,CWRI30006,"Offered Semester 2, 2024",3,https://handbook.unimelb.edu.au/2024/subjects/cwri30006
Digital Technology and Social Change,SOCI30012,Not offered in 2024,3,https://handbook.unimelb.edu.au/2024/subjects/soci30012
Popular Culture: From K-pop to Selfies,CULS20018,"Offered Semester 1, 2024",2,https://handbook.unimelb.edu.au/2024/subjects/culs20018
German 4,GERM10002,"Offered Semester 2, 2024",1,https://handbook.unimelb.edu.au/2024/subjects/germ10002
Technology & Contemporary Life,HPSC20009,"Offered Semester 1, 2024",2,https://handbook.unimelb.edu.au/2024/subjects/hpsc20009
German 10,GERM20010,"Offered Semester 2, 2024",2,https://handbook.unimelb.edu.au/2024/subjects/germ20010
Ancient Greek 6,CLAS20014,"Offered Semester 2, 2024",2,https://handbook.unimelb.edu.au/2024/subjects/clas20014
Avant-Garde and Postmodern Art,AHIS20020,"Offered Semester 1, 2024",2,https://handbook.unimelb.edu.au/2024/subjects/ahis20020
Romancing the Medieval,ENGL30046,"Offered Semester 1, 2024",3,https://handbook.unimelb.edu.au/2024/subjects/engl30046
German 5,GERM30005,"Offered Semester 1, 2024",3,https://handbook.unimelb.edu.au/2024/subjects/germ30005
Italian 8,ITAL20003,"Offered Semester 2, 2024",2,https://handbook.unimelb.edu.au/2024/subjects/ital20003
German 8,GERM20002,"Offered Semester 2, 2024",2,https://handbook.unimelb.edu.au/2024/subjects/germ20002
Korean Politics and Society,KORE30001,"Offered Semester 2, 2024",3,https://handbook.unimelb.edu.au/2024/subjects/kore30001
Diversity: Identities in Indonesia,INDO30018,"Offered Semester 2, 2024",3,https://handbook.unimelb.edu.au/2024/subjects/indo30018
Intercultural Communication,LING10002,"Offered Semester 1, 2024",1,https://handbook.unimelb.edu.au/2024/subjects/ling10002
Terrorism: Shifting Paradigms,CRIM20008,"Offered Semester 1, 2024",2,https://handbook.unimelb.edu.au/2024/subjects/crim20008
Australian Politics,POLS10001,"Offered Semester 2, 2024",1,https://handbook.unimelb.edu.au/2024/subjects/pols10001
Venice and Cultures of Consumption,HIST20052,Not offered in 2024,2,https://handbook.unimelb.edu.au/2024/subjects/hist20052
China in Global History since 1945,HIST20086,"Offered Semester 2, 2024",2,https://handbook.unimelb.edu.au/2024/subjects/hist20086
Community Volunteering - Global,MULT30021,Not offered in 2024,3,https://handbook.unimelb.edu.au/2024/subjects/mult30021
Media Histories,CULS20016,Not offered in 2024,2,https://handbook.unimelb.edu.au/2024/subjects/culs20016
Introduction to Language Translation,ARTS30002,"Offered Semester 2, 2024",3,https://handbook.unimelb.edu.au/2024/subjects/arts30002
The Environmental Screenscape,SCRN30005,"Offered Semester 2, 2024",3,https://handbook.unimelb.edu.au/2024/subjects/scrn30005
Hebrew 5,HEBR30003,"Offered Semester 1, 2024",3,https://handbook.unimelb.edu.au/2024/subjects/hebr30003
Diplomacy: Middle East and South Asia,ISLM30018,"Offered Semester 1, 2024",3,https://handbook.unimelb.edu.au/2024/subjects/islm30018
Russian 5,RUSS20006,"Offered Semester 1, 2024",2,https://handbook.unimelb.edu.au/2024/subjects/russ20006
Geographies of Migration,GEOG30029,"Offered Semester 1, 2024",3,https://handbook.unimelb.edu.au/2024/subjects/geog30029
"Race, Ethnicity, and Nationalism",POLS30036,Not offered in 2024,3,https://handbook.unimelb.edu.au/2024/subjects/pols30036
Global Cultures of Japan and Korea,ASIA30005,"Offered Semester 1, 2024",3,https://handbook.unimelb.edu.au/2024/subjects/asia30005
German 5,GERM10006,"Offered Semester 1, 2024",1,https://handbook.unimelb.edu.au/2024/subjects/germ10006
Italian Cultural Studies A,ITAL20009,"Offered Winter Term, Semester 2, 2024",2,https://handbook.unimelb.edu.au/2024/subjects/ital20009
Modern Israel: Good Bad and Disputed,JEWI20007,"Offered Semester 1, 2024",2,https://handbook.unimelb.edu.au/2024/subjects/jewi20007
The World Since World War II,HIST10012,Not offered in 2024,1,https://handbook.unimelb.edu.au/2024/subjects/hist10012
French Travel Writing,FREN20012,Not offered in 2024,2,https://handbook.unimelb.edu.au/2024/subjects/fren20012
Egypt Under the Pharaohs with the NGV,ANCW20003,"Offered Winter Term, August, 2024",2,https://handbook.unimelb.edu.au/2024/subjects/ancw20003
Anthropology: Studying Self and Other,ANTH10001,"Offered Semester 1, 2024",1,https://handbook.unimelb.edu.au/2024/subjects/anth10001
French Translation,FREN20004,"Offered Semester 2, 2024",2,https://handbook.unimelb.edu.au/2024/subjects/fren20004
Mobile Worlds,GEOG30028,"Offered February, 2024",3,https://handbook.unimelb.edu.au/2024/subjects/geog30028
Hebrew 1,HEBR10001,"Offered Semester 1, 2024",1,https://handbook.unimelb.edu.au/2024/subjects/hebr10001
Arabic 7,ARBC20002,"Offered Semester 1, 2024",2,https://handbook.unimelb.edu.au/2024/subjects/arbc20002
Social Sustainability,SOCI30016,"Offered Semester 2, 2024",3,https://handbook.unimelb.edu.au/2024/subjects/soci30016
Chinese 8,CHIN20028,"Offered Semester 2, 2024",2,https://handbook.unimelb.edu.au/2024/subjects/chin20028
"Protest & Politics: US History, 1945-Now",HIST20071,"Offered Semester 2, 2024",2,https://handbook.unimelb.edu.au/2024/subjects/hist20071
Gender Diversity in the Workplace,GEND30005,"Offered Semester 2, 2024",3,https://handbook.unimelb.edu.au/2024/subjects/gend30005
Values of Art,PHIL20048,"Offered Semester 2, 2024",2,https://handbook.unimelb.edu.au/2024/subjects/phil20048
The Theatre Experience,ENGL20034,"Offered Semester 1, 2024",2,https://handbook.unimelb.edu.au/2024/subjects/engl20034
Great Chinese Classics,CHIN20006,"Offered Semester 1, 2024",2,https://handbook.unimelb.edu.au/2024/subjects/chin20006
Contemporary Aboriginal Art,AHIS30005,"Offered Semester 2, 2024",3,https://handbook.unimelb.edu.au/2024/subjects/ahis30005
Branding,GDES30002,"Offered Semester 1, 2024",3,https://handbook.unimelb.edu.au/2024/subjects/gdes30002
Venice and Cultures of Consumption,HIST30051,Not offered in 2024,3,https://handbook.unimelb.edu.au/2024/subjects/hist30051
Italian 5,ITAL30013,"Offered Semester 1, 2024",3,https://handbook.unimelb.edu.au/2024/subjects/ital30013
Introduction to Japanese Communication,JAPN20002,"Offered Semester 2, 2024",2,https://handbook.unimelb.edu.au/2024/subjects/japn20002
Democracy and its Dilemmas,POLS30033,"Offered Semester 1, 2024",3,https://handbook.unimelb.edu.au/2024/subjects/pols30033
Phonetics,LING20005,"Offered Semester 1, 2024",2,https://handbook.unimelb.edu.au/2024/subjects/ling20005
Ancient Greek 2,CLAS10005,"Offered Semester 2, 2024",1,https://handbook.unimelb.edu.au/2024/subjects/clas10005
Crime and Culture,CRIM30006,"Offered Semester 1, 2024",3,https://handbook.unimelb.edu.au/2024/subjects/crim30006
Sport and the Law,LAWS20011,Not offered in 2024,2,https://handbook.unimelb.edu.au/2024/subjects/laws20011
Arabic in Context 2,ARBC30001,"Offered Semester 2, 2024",3,https://handbook.unimelb.edu.au/2024/subjects/arbc30001
Public Policy Making,POLS20008,"Offered Semester 2, 2024",2,https://handbook.unimelb.edu.au/2024/subjects/pols20008
French Cinema: The New Wave and Beyond,FREN30013,Not offered in 2024,3,https://handbook.unimelb.edu.au/2024/subjects/fren30013
European Renaissance Art,AHIS20011,"Offered Semester 1, 2024",2,https://handbook.unimelb.edu.au/2024/subjects/ahis20011
"Law, Justice and Social Change",CRIM20010,"Offered Semester 2, 2024",2,https://handbook.unimelb.edu.au/2024/subjects/crim20010
Italian 8,ITAL30016,"Offered Semester 2, 2024",3,https://handbook.unimelb.edu.au/2024/subjects/ital30016
Planning Scenario and Policy Workshop,PLAN30001,"Offered Semester 1, 2024",3,https://handbook.unimelb.edu.au/2024/subjects/plan30001
French 3,FREN20015,"Offered Semester 1, 2024",2,https://handbook.unimelb.edu.au/2024/subjects/fren20015
Introduction to Political Ideas,POLS10003,"Offered Semester 2, 2024",1,https://handbook.unimelb.edu.au/2024/subjects/pols10003
Intensive Akkadian 2,ANCW10009,Not offered in 2024,1,https://handbook.unimelb.edu.au/2024/subjects/ancw10009
Indigenous Australia,INDG10001,"Offered Semester 1, 2024",1,https://handbook.unimelb.edu.au/2024/subjects/indg10001
Hollywood and Entertainment,SCRN20011,"Offered Semester 1, 2024",2,https://handbook.unimelb.edu.au/2024/subjects/scrn20011
Art Cinema and the Love Story,SCRN30001,"Offered Semester 1, 2024",3,https://handbook.unimelb.edu.au/2024/subjects/scrn30001
Classical Sociological Theory,SOTH20002,"Offered Semester 2, 2024",2,https://handbook.unimelb.edu.au/2024/subjects/soth20002
Korean 3,KORE10003,"Offered Semester 1, 2024",1,https://handbook.unimelb.edu.au/2024/subjects/kore10003
Intensive Beginners Latin,CLAS30004,"Offered Summer Term, 2024",3,https://handbook.unimelb.edu.au/2024/subjects/clas30004
Italian 6,ITAL30014,"Offered Semester 2, 2024",3,https://handbook.unimelb.edu.au/2024/subjects/ital30014
Screening Europe: Image and Identity,EURO30004,"Offered Semester 1, 2024",3,https://handbook.unimelb.edu.au/2024/subjects/euro30004
"Consumer Culture, Media and Lifestyle",CULS20014,"Offered Semester 1, 2024",2,https://handbook.unimelb.edu.au/2024/subjects/culs20014
Arabic 6,ARBC20007,"Offered Semester 2, 2024",2,https://handbook.unimelb.edu.au/2024/subjects/arbc20007
Art History: Theory and Controversy,AHIS10001,"Offered Semester 1, 2024",1,https://handbook.unimelb.edu.au/2024/subjects/ahis10001
Spanish 6,SPAN10008,"Offered Semester 2, 2024",1,https://handbook.unimelb.edu.au/2024/subjects/span10008
Advanced Seminar in Chinese,CHIN30007,"Offered Semester 1, 2024",3,https://handbook.unimelb.edu.au/2024/subjects/chin30007
Creative Non Fiction,CWRI20005,"Offered Semester 1, 2024",2,https://handbook.unimelb.edu.au/2024/subjects/cwri20005
Ethical Theory,PHIL20008,"Offered Semester 2, 2024",2,https://handbook.unimelb.edu.au/2024/subjects/phil20008
The Rise of the Novel,FREN20010,"Offered Semester 2, 2024",2,https://handbook.unimelb.edu.au/2024/subjects/fren20010
German 8,GERM10009,"Offered Semester 2, 2024",1,https://handbook.unimelb.edu.au/2024/subjects/germ10009
"Crisis, Culture and Resistance",ANTH30023,"Offered Semester 1, 2024",3,https://handbook.unimelb.edu.au/2024/subjects/anth30023
Phenomenology and Existentialism,PHIL20041,"Offered Semester 1, 2024",2,https://handbook.unimelb.edu.au/2024/subjects/phil20041
Reading Japanese Literature,JAPN30011,"Offered Semester 2, 2024",3,https://handbook.unimelb.edu.au/2024/subjects/japn30011
The Qur'an: An Introduction,ISLM20003,"Offered February, 2024",2,https://handbook.unimelb.edu.au/2024/subjects/islm20003
Global Inequalities In The Anthropocene,GEOG20011,"Offered Semester 2, 2024",2,https://handbook.unimelb.edu.au/2024/subjects/geog20011
Indigenous Treaties and Titles,INDG20001,"Offered Semester 1, 2024",2,https://handbook.unimelb.edu.au/2024/subjects/indg20001
Understanding Australian Media,MECM20006,"Offered Semester 1, 2024",2,https://handbook.unimelb.edu.au/2024/subjects/mecm20006
Lived Religion in an Uncertain World,ANTH30003,"Offered Semester 2, 2024",3,https://handbook.unimelb.edu.au/2024/subjects/anth30003
Modernism and Avant Garde,ENGL20022,Not offered in 2024,2,https://handbook.unimelb.edu.au/2024/subjects/engl20022
Discourse & Pragmatics,LING30004,"Offered Semester 1, 2024",3,https://handbook.unimelb.edu.au/2024/subjects/ling30004
Ancient Greek 5,CLAS20013,"Offered Semester 1, 2024",2,https://handbook.unimelb.edu.au/2024/subjects/clas20013
Scripts for Contemporary Theatre,CWRI20010,"Offered Semester 1, 2024",2,https://handbook.unimelb.edu.au/2024/subjects/cwri20010
Arabic in Context 1,ARBC20001,"Offered Semester 1, 2024",2,https://handbook.unimelb.edu.au/2024/subjects/arbc20001
Entrepreneurship Principles and Tools,UNIB10022,"Offered Semester 2, 2024",1,https://handbook.unimelb.edu.au/2024/subjects/unib10022
Politics and the Media,POLS20026,"Offered Semester 1, 2024",2,https://handbook.unimelb.edu.au/2024/subjects/pols20026
Total War: World War II,HIST20060,"Offered Semester 2, 2024",2,https://handbook.unimelb.edu.au/2024/subjects/hist20060
The Ethics of Capitalism,PHIL20044,"Offered Semester 1, 2024",2,https://handbook.unimelb.edu.au/2024/subjects/phil20044
Chinese Studies: Culture and Empire,CHIN20007,"Offered Semester 1, 2024",2,https://handbook.unimelb.edu.au/2024/subjects/chin20007
Logical Methods,PHIL20030,"Offered Semester 1, 2024",2,https://handbook.unimelb.edu.au/2024/subjects/phil20030
Translation: Intercultural Indonesian,INDO10013,"Offered Semester 2, 2024",1,https://handbook.unimelb.edu.au/2024/subjects/indo10013
The French Pacific in a Global Context,FREN20021,"Offered Winter Term, 2024",2,https://handbook.unimelb.edu.au/2024/subjects/fren20021
"Sport, Education and the Media",EDUC20068,"Offered Semester 1, Semester 2, 2024",2,https://handbook.unimelb.edu.au/2024/subjects/educ20068
Latin 1,CLAS10006,"Offered Summer Term, Semester 1, 2024",1,https://handbook.unimelb.edu.au/2024/subjects/clas10006
Introduction to Screenwriting Practices,FLTV10023,Not offered in 2024,1,https://handbook.unimelb.edu.au/2024/subjects/fltv10023
The French Pacific in a Global Context,FREN30019,"Offered Winter Term, 2024",3,https://handbook.unimelb.edu.au/2024/subjects/fren30019
Matters of Taste: French Eating Cultures,FREN20013,Not offered in 2024,2,https://handbook.unimelb.edu.au/2024/subjects/fren20013
Greek Philosophy,PHIL20040,"Offered Semester 2, 2024",2,https://handbook.unimelb.edu.au/2024/subjects/phil20040
Spanish 6,SPAN20019,"Offered Semester 2, 2024",2,https://handbook.unimelb.edu.au/2024/subjects/span20019
Understanding Global Media,MECM20010,"Offered Semester 2, 2024",2,https://handbook.unimelb.edu.au/2024/subjects/mecm20010
"Advertising, Media and Society",MECM20015,"Offered Semester 2, 2024",2,https://handbook.unimelb.edu.au/2024/subjects/mecm20015
French Translation,FREN30006,"Offered Semester 2, 2024",3,https://handbook.unimelb.edu.au/2024/subjects/fren30006
European Integration: Politics of the EU,POLS30018,"Offered Semester 2, 2024",3,https://handbook.unimelb.edu.au/2024/subjects/pols30018
Chinese 10,CHIN20013,"Offered Semester 2, 2024",2,https://handbook.unimelb.edu.au/2024/subjects/chin20013
"Science, Technology and the Law",LAWS10008,"Offered Semester 2, 2024",1,https://handbook.unimelb.edu.au/2024/subjects/laws10008
Feminist Futures: Theory and Activism,GEND20008,"Offered Semester 1, 2024",2,https://handbook.unimelb.edu.au/2024/subjects/gend20008
German 6,GERM20008,"Offered Semester 2, 2024",2,https://handbook.unimelb.edu.au/2024/subjects/germ20008
Indonesia in the World,INDO10014,"Offered Semester 1, 2024",1,https://handbook.unimelb.edu.au/2024/subjects/indo10014
Latin 6,CLAS30009,"Offered Semester 2, 2024",3,https://handbook.unimelb.edu.au/2024/subjects/clas30009
German 4,GERM20005,"Offered Semester 2, 2024",2,https://handbook.unimelb.edu.au/2024/subjects/germ20005
Contemporary Italy Study Abroad,ITAL20004,"Offered November, 2024",2,https://handbook.unimelb.edu.au/2024/subjects/ital20004
Melbourne: Urban Anthropology in Action,ANTH20015,"Offered Semester 2, 2024",2,https://handbook.unimelb.edu.au/2024/subjects/anth20015
Advanced Chinese Translation,CHIN30005,"Offered Semester 2, 2024",3,https://handbook.unimelb.edu.au/2024/subjects/chin30005
Risk Management and Citizen Science,GEOG30032,Not offered in 2024,3,https://handbook.unimelb.edu.au/2024/subjects/geog30032
Inequalities: Future Challenges,SOCI10003,"Offered Semester 1, 2024",1,https://handbook.unimelb.edu.au/2024/subjects/soci10003
Thinking Tools for Wicked Problems,UNIB10019,"Offered Semester 2, 2024",1,https://handbook.unimelb.edu.au/2024/subjects/unib10019
Insects Shaping Society,UNIB10018,"Offered Semester 2, 2024",1,https://handbook.unimelb.edu.au/2024/subjects/unib10018
Global Cultures,CULS30006,"Offered Semester 2, 2024",3,https://handbook.unimelb.edu.au/2024/subjects/culs30006
The Making of Melbourne,UNIB10023,"Offered Semester 1, Semester 2, 2024",1,https://handbook.unimelb.edu.au/2024/subjects/unib10023
Arabic 2,ARBC10006,"Offered Semester 2, 2024",1,https://handbook.unimelb.edu.au/2024/subjects/arbc10006
China in Transition,GEOG20010,"Offered Semester 1, 2024",2,https://handbook.unimelb.edu.au/2024/subjects/geog20010
Accounting Information: Risks & Controls,ACCT20007,"Offered Semester 1, Semester 2, 2024",2,https://handbook.unimelb.edu.au/2024/subjects/acct20007
Law and Cultural Industries,LAWS30031,Not offered in 2024,3,https://handbook.unimelb.edu.au/2024/subjects/laws30031
Modern and Contemporary Theatre,ENGL20030,"Offered Semester 2, 2024",2,https://handbook.unimelb.edu.au/2024/subjects/engl20030
Ancient Greek 4,CLAS20016,"Offered Semester 2, 2024",2,https://handbook.unimelb.edu.au/2024/subjects/clas20016
Chinese Cinema,CHIN20016,"Offered Semester 2, 2024",2,https://handbook.unimelb.edu.au/2024/subjects/chin20016
Britain's Empire: Power and Resistance,HIST20089,"Offered Semester 2, 2024",2,https://handbook.unimelb.edu.au/2024/subjects/hist20089
Indigenous Education in Community,EDUC20082,"Offered February, 2024",2,https://handbook.unimelb.edu.au/2024/subjects/educ20082
Tales of Muslim Spain,SPAN30022,Not offered in 2024,3,https://handbook.unimelb.edu.au/2024/subjects/span30022
Latin 5,CLAS20030,"Offered Semester 1, 2024",2,https://handbook.unimelb.edu.au/2024/subjects/clas20030
Indigenous History,HIST20088,Not offered in 2024,2,https://handbook.unimelb.edu.au/2024/subjects/hist20088
Chinese News Analysis,CHIN30003,"Offered Semester 2, 2024",3,https://handbook.unimelb.edu.au/2024/subjects/chin30003
Screening Europe: Image and Identity,EURO20005,"Offered Semester 1, 2024",2,https://handbook.unimelb.edu.au/2024/subjects/euro20005
US and the World: Rise of a Superpower,HIST30065,"Offered Semester 1, 2024",3,https://handbook.unimelb.edu.au/2024/subjects/hist30065
Introduction to Screenprinting,FINA20045,"Offered January, February, April, June, July, September, 2024",2,https://handbook.unimelb.edu.au/2024/subjects/fina20045
Chinese 4,CHIN10016,"Offered Semester 2, 2024",1,https://handbook.unimelb.edu.au/2024/subjects/chin10016
Yogyakarta Summer Intensive,INDO20001,"Offered Summer Term, 2024",2,https://handbook.unimelb.edu.au/2024/subjects/indo20001
Spanish 2,SPAN10002,"Offered Semester 2, 2024",1,https://handbook.unimelb.edu.au/2024/subjects/span10002
Latin 6,CLAS20026,"Offered Semester 2, 2024",2,https://handbook.unimelb.edu.au/2024/subjects/clas20026
Advanced Chinese Translation,CHIN20026,"Offered Semester 2, 2024",2,https://handbook.unimelb.edu.au/2024/subjects/chin20026
Two Koreas in the World,KORE30002,"Offered Semester 1, 2024",3,https://handbook.unimelb.edu.au/2024/subjects/kore30002
Approaches to Media Research,MECM20011,"Offered Semester 2, 2024",2,https://handbook.unimelb.edu.au/2024/subjects/mecm20011
Spanish 5,SPAN20018,"Offered Semester 1, 2024",2,https://handbook.unimelb.edu.au/2024/subjects/span20018
"Literature, Adaptation, Media",ENGL20031,"Offered Semester 2, 2024",2,https://handbook.unimelb.edu.au/2024/subjects/engl20031
Exploring Latin America,SPAN30021,"Offered Semester 1, 2024",3,https://handbook.unimelb.edu.au/2024/subjects/span30021
Morphology,LING30013,"Offered Semester 1, 2024",3,https://handbook.unimelb.edu.au/2024/subjects/ling30013
Sustainability: hope for the Earth?,UNIB10024,"Offered Semester 2, 2024",1,https://handbook.unimelb.edu.au/2024/subjects/unib10024
Australian Indigenous Public Policy,MULT30017,Not offered in 2024,3,https://handbook.unimelb.edu.au/2024/subjects/mult30017
Minds and Madness,HPSC30019,"Offered Semester 2, 2024",3,https://handbook.unimelb.edu.au/2024/subjects/hpsc30019
A Taste of Europe: Melbourne Intensive,EURO30006,"Offered February, 2024",3,https://handbook.unimelb.edu.au/2024/subjects/euro30006
The Power and Limits of Logic,PHIL30043,"Offered Semester 2, 2024",3,https://handbook.unimelb.edu.au/2024/subjects/phil30043
German Cultural Studies B,GERM30001,"Offered Semester 1, 2024",3,https://handbook.unimelb.edu.au/2024/subjects/germ30001
Latin 3,CLAS10012,"Offered Semester 1, 2024",1,https://handbook.unimelb.edu.au/2024/subjects/clas10012
Languages of Venice: Study Abroad,ITAL30012,Not offered in 2024,3,https://handbook.unimelb.edu.au/2024/subjects/ital30012
Advanced Screenwriting,CWRI30014,"Offered Semester 1, 2024",3,https://handbook.unimelb.edu.au/2024/subjects/cwri30014
Intensive Syriac Aramaic,ANCW10004,Not offered in 2024,1,https://handbook.unimelb.edu.au/2024/subjects/ancw10004
Chinese Cinema,CHIN10009,"Offered Semester 2, 2024",1,https://handbook.unimelb.edu.au/2024/subjects/chin10009
Italian 9,ITAL20012,"Offered Semester 1, 2024",2,https://handbook.unimelb.edu.au/2024/subjects/ital20012
Film Noir: History and Sexuality,SCRN30004,"Offered Semester 2, 2024",3,https://handbook.unimelb.edu.au/2024/subjects/scrn30004
American Classics,ENGL20023,Not offered in 2024,2,https://handbook.unimelb.edu.au/2024/subjects/engl20023
"Diplomat, Soldier, Spy: The Deep State",ANTH20013,"Offered Semester 2, 2024",2,https://handbook.unimelb.edu.au/2024/subjects/anth20013
Managing Globally,MGMT30004,"Offered Semester 2, 2024",3,https://handbook.unimelb.edu.au/2024/subjects/mgmt30004
Introductory Microeconomics,ECON10004,"Offered Semester 1, Semester 2, 2024",1,https://handbook.unimelb.edu.au/2024/subjects/econ10004
The Ethnography of Music,MUSI30053,"Offered Semester 1, 2024",3,https://handbook.unimelb.edu.au/2024/subjects/musi30053
Analysis of Firms & Financial Statements,ACCT30001,"Offered Semester 1, Semester 2, 2024",3,https://handbook.unimelb.edu.au/2024/subjects/acct30001
Introductory Financial Accounting,ACCT10002,"Offered Summer Term, Semester 1, Semester 2, 2024",1,https://handbook.unimelb.edu.au/2024/subjects/acct10002
Managing People at Work,MGMT20004,"Offered Semester 1, 2024",2,https://handbook.unimelb.edu.au/2024/subjects/mgmt20004
Music and Film since 1900,MUSI30004,"Offered Semester 1, 2024",3,https://handbook.unimelb.edu.au/2024/subjects/musi30004
Links Between Health and Learning,EDUC20073,"Offered Semester 1, 2024",2,https://handbook.unimelb.edu.au/2024/subjects/educ20073
Accounting Reports and Analysis,ACCT10001,"Offered Summer Term, Semester 1, Semester 2, 2024",1,https://handbook.unimelb.edu.au/2024/subjects/acct10001
Music in the Culture of the Renaissance,MUSI30011,Not offered in 2024,3,https://handbook.unimelb.edu.au/2024/subjects/musi30011
Entrepreneurship and Product Innovation,MKTG20007,Not offered in 2024,2,https://handbook.unimelb.edu.au/2024/subjects/mktg20007
Economics of Food Markets,ECON30007,Not offered in 2024,3,https://handbook.unimelb.edu.au/2024/subjects/econ30007
Principles of Marketing,MKTG10001,"Offered Summer Term, Semester 1, Semester 2, 2024",1,https://handbook.unimelb.edu.au/2024/subjects/mktg10001
"Drawing, Painting and Sensory Knowing",EDUC10054,"Offered Semester 1, Semester 2, 2024",1,https://handbook.unimelb.edu.au/2024/subjects/educ10054
Indigenous Art and Changing the Nation,AIND20011,"Offered Semester 2, 2024",2,https://handbook.unimelb.edu.au/2024/subjects/aind20011
Introduction to Urban Planning,PLAN10002,"Offered Semester 2, 2024",1,https://handbook.unimelb.edu.au/2024/subjects/plan10002
Intermediate Microeconomics,ECON20002,"Offered Summer Term, Semester 1, 2024",2,https://handbook.unimelb.edu.au/2024/subjects/econ20002
Guitar Ensemble 1 (Breadth),MUSI10173,"Offered Semester 1, 2024",1,https://handbook.unimelb.edu.au/2024/subjects/musi10173
The Wellbeing Orchestra,MUSI10222,Not offered in 2024,1,https://handbook.unimelb.edu.au/2024/subjects/musi10222
The Art of Game Music,MUSI20173,"Offered Semester 1, 2024",2,https://handbook.unimelb.edu.au/2024/subjects/musi20173
Ancient & Contemporary Indigenous Arts,AIND10003,"Offered June, 2024",1,https://handbook.unimelb.edu.au/2024/subjects/aind10003
Econometrics 2,ECOM30002,"Offered Semester 1, Semester 2, 2024",3,https://handbook.unimelb.edu.au/2024/subjects/ecom30002
Behavioural Economics,ECON30019,"Offered Semester 2, 2024",3,https://handbook.unimelb.edu.au/2024/subjects/econ30019
World Music Choir,MUSI20143,"Offered Summer Term, Semester 1, Semester 2, 2024",2,https://handbook.unimelb.edu.au/2024/subjects/musi20143
Street Art,CCDP20001,"Offered Semester 1, Semester 2, 2024",2,https://handbook.unimelb.edu.au/2024/subjects/ccdp20001
Design Studio Delta,ARCH30001,"Offered Semester 1, Semester 2, 2024",3,https://handbook.unimelb.edu.au/2024/subjects/arch30001
Measurement of Building Works,ABPL30040,Not offered in 2024,3,https://handbook.unimelb.edu.au/2024/subjects/abpl30040
"Health Law, Ethics and Society",LAWS20013,Not offered in 2024,2,https://handbook.unimelb.edu.au/2024/subjects/laws20013
Advanced Recording Studio Techniques,MUSI20190,"Offered Semester 2, 2024",2,https://handbook.unimelb.edu.au/2024/subjects/musi20190
Creative Projects-Digital Technologies,EDUC10049,Not offered in 2024,1,https://handbook.unimelb.edu.au/2024/subjects/educ10049
Rock Music: From Roots to Retro,MUSI10219,"Offered Semester 2, 2024",1,https://handbook.unimelb.edu.au/2024/subjects/musi10219
Japanese 3,JAPN20007,"Offered Semester 1, 2024",2,https://handbook.unimelb.edu.au/2024/subjects/japn20007
Global Marketing,MKTG20009,"Offered Semester 1, 2024",2,https://handbook.unimelb.edu.au/2024/subjects/mktg20009
Cross-Cultural Management and Teamwork,MGMT20007,Not offered in 2024,2,https://handbook.unimelb.edu.au/2024/subjects/mgmt20007
Management of Financial Institutions,FNCE20002,Not offered in 2024,2,https://handbook.unimelb.edu.au/2024/subjects/fnce20002
Introductory Personal Finance,FNCE20003,"Offered Semester 2, 2024",2,https://handbook.unimelb.edu.au/2024/subjects/fnce20003
Business Negotiations,MGMT20011,"Offered Winter Term, 2024",2,https://handbook.unimelb.edu.au/2024/subjects/mgmt20011
Auditing and Assurance Services,ACCT30004,"Offered Semester 1, Semester 2, 2024",3,https://handbook.unimelb.edu.au/2024/subjects/acct30004
Music and Health,MUSI20150,"Offered Semester 2, 2024",2,https://handbook.unimelb.edu.au/2024/subjects/musi20150
Japanese 7,JAPN20003,"Offered Semester 1, 2024",2,https://handbook.unimelb.edu.au/2024/subjects/japn20003
Crafting Your Leadership and Career,EDUC30072,"Offered Semester 2, 2024",3,https://handbook.unimelb.edu.au/2024/subjects/educ30072
Construction of Concrete Buildings,ABPL20053,"Offered Semester 2, 2024",2,https://handbook.unimelb.edu.au/2024/subjects/abpl20053
Expertise and Your Professional Career,EDUC30071,"Offered July, 2024",3,https://handbook.unimelb.edu.au/2024/subjects/educ30071
Innovation Change & Knowledge Transfer,AGRI30011,"Offered July, 2024",3,https://handbook.unimelb.edu.au/2024/subjects/agri30011
The Actors Process,THTR10007,"Offered Winter Term, 2024",1,https://handbook.unimelb.edu.au/2024/subjects/thtr10007
Paris! Berlioz to the Ballets Russes,MUSI20120,Not offered in 2024,2,https://handbook.unimelb.edu.au/2024/subjects/musi20120
"Story, Children and the Arts",EDUC20083,"Offered Semester 2, 2024",2,https://handbook.unimelb.edu.au/2024/subjects/educ20083
Foundations of Design: Representation,ARCH10001,"Offered Semester 1, Semester 2, 2024",1,https://handbook.unimelb.edu.au/2024/subjects/arch10001
Japanese 2,JAPN10002,"Offered Semester 2, 2024",1,https://handbook.unimelb.edu.au/2024/subjects/japn10002
"Sex, Death and the Ecstatic in Music",MUSI30015,"Offered Semester 1, 2024",3,https://handbook.unimelb.edu.au/2024/subjects/musi30015
Employment Law,LAWS30029,Not offered in 2024,3,https://handbook.unimelb.edu.au/2024/subjects/laws30029
Service and Relationship Marketing,MKTG30003,"Offered Semester 1, 2024",3,https://handbook.unimelb.edu.au/2024/subjects/mktg30003
Economics of Financial Markets,ECON30024,"Offered Semester 1, 2024",3,https://handbook.unimelb.edu.au/2024/subjects/econ30024
Advertising and Promotions,MKTG30010,"Offered Semester 2, 2024",3,https://handbook.unimelb.edu.au/2024/subjects/mktg30010
The Music Producer: From Brass to Beats,MUSI30236,Not offered in 2024,3,https://handbook.unimelb.edu.au/2024/subjects/musi30236
Managing in Contemporary Organisations,MGMT30002,Not offered in 2024,3,https://handbook.unimelb.edu.au/2024/subjects/mgmt30002
Taxation Law I,BLAW30002,"Offered Semester 2, 2024",3,https://handbook.unimelb.edu.au/2024/subjects/blaw30002
Music Psychology,MUSI20149,"Offered Summer Term, Semester 1, 2024",2,https://handbook.unimelb.edu.au/2024/subjects/musi20149
Managing for Competitive Advantage,MGMT30013,"Offered Semester 1, 2024",3,https://handbook.unimelb.edu.au/2024/subjects/mgmt30013
Retailing,MKTG30006,"Offered Semester 1, 2024",3,https://handbook.unimelb.edu.au/2024/subjects/mktg30006
Indonesian 4,INDO10002,"Offered Semester 2, 2024",1,https://handbook.unimelb.edu.au/2024/subjects/indo10002
Organisational Behaviour,MGMT20001,"Offered Summer Term, Semester 1, Semester 2, 2024",2,https://handbook.unimelb.edu.au/2024/subjects/mgmt20001
Orchestration,MUSI30025,"Offered Semester 1, 2024",3,https://handbook.unimelb.edu.au/2024/subjects/musi30025
Principles of Management,MGMT10002,"Offered Semester 1, Semester 2, 2024",1,https://handbook.unimelb.edu.au/2024/subjects/mgmt10002
International Finance,FNCE30003,"Offered Semester 2, 2024",3,https://handbook.unimelb.edu.au/2024/subjects/fnce30003
Australian Economic History,ECON20008,Not offered in 2024,2,https://handbook.unimelb.edu.au/2024/subjects/econ20008
Making Movies 2,FLTV20005,"Offered Semester 1, Semester 2, 2024",2,https://handbook.unimelb.edu.au/2024/subjects/fltv20005
"Creativity, Genius, Expertise and Talent",MUSI20222,Not offered in 2024,2,https://handbook.unimelb.edu.au/2024/subjects/musi20222
The Figure in Performance,FINA20041,"Offered Semester 2, 2024",2,https://handbook.unimelb.edu.au/2024/subjects/fina20041
Understanding the Built Environment,ABPL10005,"Offered Semester 1, 2024",1,https://handbook.unimelb.edu.au/2024/subjects/abpl10005
Macroeconomics,ECON30009,"Offered Semester 2, 2024",3,https://handbook.unimelb.edu.au/2024/subjects/econ30009
Inside look at MTC,DRAM10026,"Offered Semester 1, June, Semester 2, 2024",1,https://handbook.unimelb.edu.au/2024/subjects/dram10026
Neuromarketing,MKTG30008,Not offered in 2024,3,https://handbook.unimelb.edu.au/2024/subjects/mktg30008
Big Band 1 (Breadth),MUSI20134,"Offered Semester 1, 2024",2,https://handbook.unimelb.edu.au/2024/subjects/musi20134
Steel and Concrete Structural Systems,ABPL30046,"Offered Semester 1, 2024",3,https://handbook.unimelb.edu.au/2024/subjects/abpl30046
Microeconomics,ECON30010,"Offered Semester 1, 2024",3,https://handbook.unimelb.edu.au/2024/subjects/econ30010
Chinese Music Ensemble 2,MUSI20209,"Offered Summer Term, Semester 1, Semester 2, 2024",2,https://handbook.unimelb.edu.au/2024/subjects/musi20209
Animals & Society 1: Animals & Our World,ANSC10001,"Offered Semester 2, 2024",1,https://handbook.unimelb.edu.au/2024/subjects/ansc10001
Riffs: Guitar Cultures & Practice 1,MUSI10017,"Offered Semester 1, 2024",1,https://handbook.unimelb.edu.au/2024/subjects/musi10017
Accounting for Corporate Entities,ACCT20004,Not offered in 2024,2,https://handbook.unimelb.edu.au/2024/subjects/acct20004
Business Forensics and Fraud,ACCT20006,"Offered Winter Term, 2024",2,https://handbook.unimelb.edu.au/2024/subjects/acct20006
Japanese 6,JAPN20014,"Offered Semester 2, 2024",2,https://handbook.unimelb.edu.au/2024/subjects/japn20014
Chinese 5,CHIN20003,"Offered Semester 1, 2024",2,https://handbook.unimelb.edu.au/2024/subjects/chin20003
Enterprise Performance Management,ACCT30002,"Offered Semester 1, Semester 2, 2024",3,https://handbook.unimelb.edu.au/2024/subjects/acct30002
Music in Everyday Life,MUSI10037,Not offered in 2024,1,https://handbook.unimelb.edu.au/2024/subjects/musi10037
Indonesian 1,INDO10005,"Offered Semester 1, 2024",1,https://handbook.unimelb.edu.au/2024/subjects/indo10005
Introduction to Climate Change,UNIB10007,"Offered Semester 2, 2024",1,https://handbook.unimelb.edu.au/2024/subjects/unib10007
Computational Economics and Business,ECON30025,"Offered Semester 1, 2024",3,https://handbook.unimelb.edu.au/2024/subjects/econ30025
Work and Conflict in the Global Economy,IBUS30003,Not offered in 2024,3,https://handbook.unimelb.edu.au/2024/subjects/ibus30003
Managing Employee Relations,MGMT20009,Not offered in 2024,2,https://handbook.unimelb.edu.au/2024/subjects/mgmt20009
"Creativity, Play and the Arts",EDUC10048,"Offered Semester 1, Semester 2, 2024",1,https://handbook.unimelb.edu.au/2024/subjects/educ10048
Choir 2,MUSI10162,"Offered Semester 2, 2024",1,https://handbook.unimelb.edu.au/2024/subjects/musi10162
Concepts of Childhood,EDUC20064,"Offered Semester 1, 2024",2,https://handbook.unimelb.edu.au/2024/subjects/educ20064
Musics of the World,MUSI10227,"Offered Semester 2, 2024",1,https://handbook.unimelb.edu.au/2024/subjects/musi10227
Economics of the Law,ECON30018,"Offered Semester 1, 2024",3,https://handbook.unimelb.edu.au/2024/subjects/econ30018
Education and Social Movements,EDUC30074,Not offered in 2024,3,https://handbook.unimelb.edu.au/2024/subjects/educ30074
Cities Past and Future,PLAN10001,"Offered Semester 1, 2024",1,https://handbook.unimelb.edu.au/2024/subjects/plan10001
Chinese Business and Economy,IBUS30004,Not offered in 2024,3,https://handbook.unimelb.edu.au/2024/subjects/ibus30004
Ethics in Finance,FNCE30009,"Offered Summer Term, 2024",3,https://handbook.unimelb.edu.au/2024/subjects/fnce30009
Human Rights and Global Justice,UNIB20009,Not offered in 2024,2,https://handbook.unimelb.edu.au/2024/subjects/unib20009
Applied Microeconometric Modelling,ECOM30003,"Offered Semester 2, 2024",3,https://handbook.unimelb.edu.au/2024/subjects/ecom30003
Music as Noise: Making Sound Art,MUSI30246,Not offered in 2024,3,https://handbook.unimelb.edu.au/2024/subjects/musi30246
Japanese 3,JAPN10007,"Offered Semester 1, 2024",1,https://handbook.unimelb.edu.au/2024/subjects/japn10007
Learning via Sport and Outdoor Education,EDUC20070,"Offered Semester 1, Semester 2, 2024",2,https://handbook.unimelb.edu.au/2024/subjects/educ20070
Consumer Law,BLAW20003,"Offered Winter Term, 2024",2,https://handbook.unimelb.edu.au/2024/subjects/blaw20003
Sports Economics,ECON20011,Not offered in 2024,2,https://handbook.unimelb.edu.au/2024/subjects/econ20011
Peak Performance Under Pressure,MUSI20203,"Offered Semester 2, 2024",2,https://handbook.unimelb.edu.au/2024/subjects/musi20203
Sports Science & Coaching Applications,EDUC30070,"Offered Semester 1, Semester 2, 2024",3,https://handbook.unimelb.edu.au/2024/subjects/educ30070
Japanese 4,JAPN10008,"Offered Semester 2, 2024",1,https://handbook.unimelb.edu.au/2024/subjects/japn10008
Painting Techniques,FINA20026,"Offered Summer Term, February, Semester 1, Winter Term, July, Semester 2, 2024",2,https://handbook.unimelb.edu.au/2024/subjects/fina20026
Big Band 2 (Breadth),MUSI20132,"Offered Semester 2, 2024",2,https://handbook.unimelb.edu.au/2024/subjects/musi20132
Construction Management,ABPL30055,"Offered Semester 1, 2024",3,https://handbook.unimelb.edu.au/2024/subjects/abpl30055
Chinese 1,CHIN10005,"Offered Semester 1, 2024",1,https://handbook.unimelb.edu.au/2024/subjects/chin10005
Symphonic Ensembles 2 (Breadth),MUSI20123,"Offered Semester 2, 2024",2,https://handbook.unimelb.edu.au/2024/subjects/musi20123
Health Economics,ECON30023,Not offered in 2024,3,https://handbook.unimelb.edu.au/2024/subjects/econ30023
Well-Being: Learning from South Asia,UNIB20025,Not offered in 2024,2,https://handbook.unimelb.edu.au/2024/subjects/unib20025
"Wellbeing, Motivation and Performance",EDUC10057,"Offered January, Semester 1, 2024",1,https://handbook.unimelb.edu.au/2024/subjects/educ10057
Sustainable and Equitable Energy Futures,UNIB10025,Not offered in 2024,1,https://handbook.unimelb.edu.au/2024/subjects/unib10025
Free Speech and Media Law,BLAW10002,"Offered Semester 2, 2024",1,https://handbook.unimelb.edu.au/2024/subjects/blaw10002
Space in Performance,FINA30023,"Offered Semester 1, 2024",3,https://handbook.unimelb.edu.au/2024/subjects/fina30023
Food Law and Policy,LAWS10005,Not offered in 2024,1,https://handbook.unimelb.edu.au/2024/subjects/laws10005
Jazz: The Improvisatory Spirit,MUSI10202,Not offered in 2024,1,https://handbook.unimelb.edu.au/2024/subjects/musi10202
Public Trials,LAWS30024,"Offered Semester 2, 2024",3,https://handbook.unimelb.edu.au/2024/subjects/laws30024
The Secret Life of the Body 1,UNIB10011,"Offered Semester 1, 2024",1,https://handbook.unimelb.edu.au/2024/subjects/unib10011
Consumer Behaviour,MKTG20001,"Offered Semester 2, 2024",2,https://handbook.unimelb.edu.au/2024/subjects/mktg20001
Econometrics 1,ECOM20001,"Offered Semester 1, Semester 2, 2024",2,https://handbook.unimelb.edu.au/2024/subjects/ecom20001
Competition and Strategy,ECON20005,"Offered Semester 2, 2024",2,https://handbook.unimelb.edu.au/2024/subjects/econ20005
Studies In Opera,MUSI30045,"Offered Semester 1, 2024",3,https://handbook.unimelb.edu.au/2024/subjects/musi30045
Pop Song Writing 1,MUSI10184,"Offered Semester 1, Semester 2, 2024",1,https://handbook.unimelb.edu.au/2024/subjects/musi10184
Sustainability in Developing Communities,MULT10013,Not offered in 2024,1,https://handbook.unimelb.edu.au/2024/subjects/mult10013
Design Studio Gamma,ARCH20002,"Offered Semester 1, Semester 2, 2024",2,https://handbook.unimelb.edu.au/2024/subjects/arch20002
Architectural Technology,ABPL20033,"Offered Semester 1, Semester 2, 2024",2,https://handbook.unimelb.edu.au/2024/subjects/abpl20033
Intellectual Property Law,LAWS20014,"Offered Semester 1, 2024",2,https://handbook.unimelb.edu.au/2024/subjects/laws20014
Architectural Tectonics,ABPL30041,"Offered Semester 1, Semester 2, 2024",3,https://handbook.unimelb.edu.au/2024/subjects/abpl30041
Making Music For Film And Animation 1,MUSI10179,"Offered Semester 2, 2024",1,https://handbook.unimelb.edu.au/2024/subjects/musi10179
Intermediate Financial Accounting,ACCT20002,"Offered Summer Term, Semester 1, Semester 2, 2024",2,https://handbook.unimelb.edu.au/2024/subjects/acct20002
Design Studio Beta,ARCH20001,"Offered Semester 1, Semester 2, 2024",2,https://handbook.unimelb.edu.au/2024/subjects/arch20001
Chinese 4,CHIN20002,"Offered Semester 2, 2024",2,https://handbook.unimelb.edu.au/2024/subjects/chin20002
Globalisation and the World Economy,ECON20007,"Offered Semester 2, 2024",2,https://handbook.unimelb.edu.au/2024/subjects/econ20007
Chinese Music Ensemble 1,MUSI20135,"Offered Summer Term, Semester 1, Semester 2, 2024",2,https://handbook.unimelb.edu.au/2024/subjects/musi20135
Cost Management,ACCT20001,"Offered Semester 1, Semester 2, 2024",2,https://handbook.unimelb.edu.au/2024/subjects/acct20001
Industrial Economics,ECON30003,Not offered in 2024,3,https://handbook.unimelb.edu.au/2024/subjects/econ30003
Managing Strategic Change,MGMT30005,Not offered in 2024,3,https://handbook.unimelb.edu.au/2024/subjects/mgmt30005
Life Drawing: The Body,FINA10036,"Offered Semester 1, Semester 2, 2024",1,https://handbook.unimelb.edu.au/2024/subjects/fina10036
Choir 1,MUSI10159,"Offered Semester 1, 2024",1,https://handbook.unimelb.edu.au/2024/subjects/musi10159
"Knowledge, Learning and Culture",EDUC20065,"Offered Semester 1, 2024",2,https://handbook.unimelb.edu.au/2024/subjects/educ20065
Australia in the Wine World,AGRI10039,"Offered February, July, Semester 2, 2024",1,https://handbook.unimelb.edu.au/2024/subjects/agri10039
Sustainable Food Systems,AGRI20003,"Offered Winter Term, 2024",2,https://handbook.unimelb.edu.au/2024/subjects/agri20003
Music History 1: 17th & 18th Centuries,MUSI10047,"Offered Semester 1, 2024",1,https://handbook.unimelb.edu.au/2024/subjects/musi10047
Chinese 3,CHIN20001,"Offered Semester 1, 2024",2,https://handbook.unimelb.edu.au/2024/subjects/chin20001
International Trade Policy,ECON30001,"Offered Semester 2, 2024",3,https://handbook.unimelb.edu.au/2024/subjects/econ30001
Youth Leading Change,EDUC20075,"Offered July, 2024",2,https://handbook.unimelb.edu.au/2024/subjects/educ20075
Managing Entrepreneurship and Innovation,MGMT30006,"Offered Semester 1, 2024",3,https://handbook.unimelb.edu.au/2024/subjects/mgmt30006
"Performance, Potential and Development",EDUC10059,"Offered Semester 2, 2024",1,https://handbook.unimelb.edu.au/2024/subjects/educ10059
Environmental Rights & Responsibilities,LAWS20009,"Offered Semester 2, 2024",2,https://handbook.unimelb.edu.au/2024/subjects/laws20009
"Drama, Improvisation and Connection",EDUC10053,"Offered Semester 2, 2024",1,https://handbook.unimelb.edu.au/2024/subjects/educ10053
Managing the Multinational,MGMT20006,Not offered in 2024,2,https://handbook.unimelb.edu.au/2024/subjects/mgmt20006
The Romantic Piano,MUSI30256,Not offered in 2024,3,https://handbook.unimelb.edu.au/2024/subjects/musi30256
Art and Indigenous Voice,AIND10004,"Offered Semester 1, 2024",1,https://handbook.unimelb.edu.au/2024/subjects/aind10004
Taxation Law II,BLAW30003,"Offered December, 2024",3,https://handbook.unimelb.edu.au/2024/subjects/blaw30003
Guitar Ensemble 2 (Breadth),MUSI10174,"Offered Semester 2, 2024",1,https://handbook.unimelb.edu.au/2024/subjects/musi10174
Project Management,MGMT20003,Not offered in 2024,2,https://handbook.unimelb.edu.au/2024/subjects/mgmt20003
Economic Analysis and Policy,ECON30013,"Offered Semester 1, 2024",3,https://handbook.unimelb.edu.au/2024/subjects/econ30013
Under Camera Animation,FINA20036,"Offered Summer Term, February, Winter Term, July, 2024",2,https://handbook.unimelb.edu.au/2024/subjects/fina20036
Construction of Residential Buildings,ABPL20042,"Offered Semester 1, 2024",2,https://handbook.unimelb.edu.au/2024/subjects/abpl20042
Environmental Building Systems,ABPL20036,"Offered Semester 1, 2024",2,https://handbook.unimelb.edu.au/2024/subjects/abpl20036
Youth and Popular Culture,EDUC30067,"Offered Semester 2, 2024",3,https://handbook.unimelb.edu.au/2024/subjects/educ30067
Chinese 2,CHIN10006,"Offered Semester 2, 2024",1,https://handbook.unimelb.edu.au/2024/subjects/chin10006
Principles of Finance,FNCE10002,"Offered Summer Term, Semester 1, Semester 2, 2024",1,https://handbook.unimelb.edu.au/2024/subjects/fnce10002
Music Language 3: Modern Directions,MUSI30046,"Offered Summer Term, Semester 2, 2024",3,https://handbook.unimelb.edu.au/2024/subjects/musi30046
Japanese 7,JAPN30005,"Offered Semester 1, 2024",3,https://handbook.unimelb.edu.au/2024/subjects/japn30005
Introductory Macroeconomics,ECON10003,"Offered Summer Term, Semester 1, Semester 2, 2024",1,https://handbook.unimelb.edu.au/2024/subjects/econ10003
Construction Contract Administration,ABPL30039,"Offered Semester 2, 2024",3,https://handbook.unimelb.edu.au/2024/subjects/abpl30039
Indonesian 4,INDO20007,"Offered Semester 2, 2024",2,https://handbook.unimelb.edu.au/2024/subjects/indo20007
"Improvisation: Text, Space and Action",THTR20022,"Offered Winter Term, 2024",2,https://handbook.unimelb.edu.au/2024/subjects/thtr20022
Managing Work and Your Career,MGMT30015,Not offered in 2024,3,https://handbook.unimelb.edu.au/2024/subjects/mgmt30015
Design Processes and Techniques,ARCH20004,"Offered Semester 1, Semester 2, 2024",2,https://handbook.unimelb.edu.au/2024/subjects/arch20004
Indonesian 5,INDO30011,"Offered Semester 1, 2024",3,https://handbook.unimelb.edu.au/2024/subjects/indo30011
Understanding Knowing and Learning,EDUC10050,"Offered Semester 2, 2024",1,https://handbook.unimelb.edu.au/2024/subjects/educ10050
Animals & Society 2: Human-Animal Bond,ANSC20004,"Offered Semester 1, 2024",2,https://handbook.unimelb.edu.au/2024/subjects/ansc20004
Hashtag Cyberstar,THTR30042,"Offered Summer Term, February, Winter Term, July, 2024",3,https://handbook.unimelb.edu.au/2024/subjects/thtr30042
The Business of Music,MUSI20206,"Offered Semester 1, Semester 2, 2024",2,https://handbook.unimelb.edu.au/2024/subjects/musi20206
Designer Humans - Prospects & Perils,UNIB20024,"Offered Semester 1, 2024",2,https://handbook.unimelb.edu.au/2024/subjects/unib20024
The Philosophy of Mind,PHIL20033,"Offered Semester 1, 2024",2,https://handbook.unimelb.edu.au/2024/subjects/phil20033
Indonesian 5,INDO20008,"Offered Semester 1, 2024",2,https://handbook.unimelb.edu.au/2024/subjects/indo20008
French 5,FREN30003,"Offered Semester 1, 2024",3,https://handbook.unimelb.edu.au/2024/subjects/fren30003
Asian Arts: Networks and Hubs,ASIA20004,"Offered Semester 2, 2024",2,https://handbook.unimelb.edu.au/2024/subjects/asia20004
Managing Sustainably,MGMT30008,"Offered Semester 2, 2024",3,https://handbook.unimelb.edu.au/2024/subjects/mgmt30008
Strategic Marketing,MKTG30013,"Offered Semester 2, 2024",3,https://handbook.unimelb.edu.au/2024/subjects/mktg30013
Singing and the Power of Pop Music,MUST20010,"Offered Semester 1, Semester 2, 2024",2,https://handbook.unimelb.edu.au/2024/subjects/must20010
Natural History,LARC10001,"Offered Semester 2, 2024",1,https://handbook.unimelb.edu.au/2024/subjects/larc10001
"Youth, Culture and the Arts",EDUC20062,"Offered June, 2024",2,https://handbook.unimelb.edu.au/2024/subjects/educ20062
Japanese 5,JAPN20013,"Offered Semester 1, 2024",2,https://handbook.unimelb.edu.au/2024/subjects/japn20013
German 7,GERM10008,"Offered Semester 1, 2024",1,https://handbook.unimelb.edu.au/2024/subjects/germ10008
Japanese 8,JAPN30006,"Offered Semester 2, 2024",3,https://handbook.unimelb.edu.au/2024/subjects/japn30006
Creative Industries in Indonesia,INDO20020,Not offered in 2024,2,https://handbook.unimelb.edu.au/2024/subjects/indo20020
Business Economics and e-Commerce,ECON20006,Not offered in 2024,2,https://handbook.unimelb.edu.au/2024/subjects/econ20006
History of Economic Thought,ECON30008,Not offered in 2024,3,https://handbook.unimelb.edu.au/2024/subjects/econ30008
Corporate Law,BLAW20001,"Offered Semester 1, 2024",2,https://handbook.unimelb.edu.au/2024/subjects/blaw20001
Playing in a Band: Music & Young People,EDUC10058,"Offered Semester 1, 2024",1,https://handbook.unimelb.edu.au/2024/subjects/educ10058
Indonesian 6,INDO30007,"Offered Semester 2, 2024",3,https://handbook.unimelb.edu.au/2024/subjects/indo30007
"Ensemble Filmmaking, Art and Industry",SCRN20014,"Offered Semester 2, 2024",2,https://handbook.unimelb.edu.au/2024/subjects/scrn20014
Electronic Dance Music Technique,MUSI20208,"Offered Semester 2, 2024",2,https://handbook.unimelb.edu.au/2024/subjects/musi20208
Dancing the Dance 1,DNCE10027,"Offered Semester 1, Semester 2, 2024",1,https://handbook.unimelb.edu.au/2024/subjects/dnce10027
Music Language 2: Chromaticism & Beyond,MUSI20061,"Offered Summer Term, Semester 2, 2024",2,https://handbook.unimelb.edu.au/2024/subjects/musi20061
Investments,FNCE30001,"Offered Semester 1, Semester 2, 2024",3,https://handbook.unimelb.edu.au/2024/subjects/fnce30001
Derivative Securities,FNCE30007,"Offered Semester 1, Semester 2, 2024",3,https://handbook.unimelb.edu.au/2024/subjects/fnce30007
Anthropology of More-Than-Human Worlds,ANTH30009,"Offered Semester 2, 2024",3,https://handbook.unimelb.edu.au/2024/subjects/anth30009
Political Economy,POLS20031,"Offered Semester 2, 2024",2,https://handbook.unimelb.edu.au/2024/subjects/pols20031
Philosophy: The Great Thinkers,PHIL10003,"Offered Semester 2, 2024",1,https://handbook.unimelb.edu.au/2024/subjects/phil10003
Immigration and Identity,FREN20007,"Offered Semester 2, 2024",2,https://handbook.unimelb.edu.au/2024/subjects/fren20007
Hebrew 3,HEBR20005,"Offered Semester 1, 2024",2,https://handbook.unimelb.edu.au/2024/subjects/hebr20005
Ancient Greek 3,CLAS20015,"Offered Semester 1, 2024",2,https://handbook.unimelb.edu.au/2024/subjects/clas20015
European Modernism,EURO30003,Not offered in 2024,3,https://handbook.unimelb.edu.au/2024/subjects/euro30003
Sociology of Youth,SOCI20014,"Offered Semester 2, 2024",2,https://handbook.unimelb.edu.au/2024/subjects/soci20014
Language and Power in Asian Societies,ASIA10001,"Offered Semester 1, 2024",1,https://handbook.unimelb.edu.au/2024/subjects/asia10001
Indonesian Gamelan Ensemble,MUSI20138,"Offered Semester 1, Semester 2, 2024",2,https://handbook.unimelb.edu.au/2024/subjects/musi20138
Economics and Cities,PROP10001,"Offered Semester 2, 2024",1,https://handbook.unimelb.edu.au/2024/subjects/prop10001
Playing with Paper: Collage & Connection,EDUC20077,"Offered Semester 1, 2024",2,https://handbook.unimelb.edu.au/2024/subjects/educ20077
Language in Aboriginal Australia,LING20009,"Offered Semester 1, 2024",2,https://handbook.unimelb.edu.au/2024/subjects/ling20009
International Relations: Key Concepts,POLS20025,"Offered Semester 2, 2024",2,https://handbook.unimelb.edu.au/2024/subjects/pols20025
Music History 2: The Long 19th Century,MUSI20198,"Offered Summer Term, Semester 1, 2024",2,https://handbook.unimelb.edu.au/2024/subjects/musi20198
Grammar of English,LING20011,"Offered Semester 1, 2024",2,https://handbook.unimelb.edu.au/2024/subjects/ling20011
Arabic 1,ARBC10005,"Offered Semester 1, 2024",1,https://handbook.unimelb.edu.au/2024/subjects/arbc10005
Imperial Rome: Mediterranean Superpower,ANCW30021,"Offered Winter Term, 2024",3,https://handbook.unimelb.edu.au/2024/subjects/ancw30021
Indonesia in the World,INDO30020,"Offered Semester 1, 2024",3,https://handbook.unimelb.edu.au/2024/subjects/indo30020
Comparative Legal Traditions,LAWS10006,Not offered in 2024,1,https://handbook.unimelb.edu.au/2024/subjects/laws10006
Intermediate Macroeconomics,ECON20001,"Offered Semester 2, 2024",2,https://handbook.unimelb.edu.au/2024/subjects/econ20001
Economic Development,ECON30002,"Offered Semester 2, 2024",3,https://handbook.unimelb.edu.au/2024/subjects/econ30002
"Sport, Leadership and the Community",EDUC30073,"Offered July, 2024",3,https://handbook.unimelb.edu.au/2024/subjects/educ30073
Corporate Financial Decision Making,FNCE20005,"Offered Summer Term, Semester 1, Semester 2, 2024",2,https://handbook.unimelb.edu.au/2024/subjects/fnce20005
Contemporary Political Theory,POLS20006,"Offered Semester 1, 2024",2,https://handbook.unimelb.edu.au/2024/subjects/pols20006
First Peoples in a Global Context,INDG10002,"Offered Semester 2, 2024",1,https://handbook.unimelb.edu.au/2024/subjects/indg10002
Introduction to Printmaking Processes,FINA20033,"Offered January, Summer Term, February, April, June, Winter Term, July, September, 2024",2,https://handbook.unimelb.edu.au/2024/subjects/fina20033
Signs and Symbols in Japanese,JAPN30010,"Offered Semester 1, 2024",3,https://handbook.unimelb.edu.au/2024/subjects/japn30010
Introduction to Actuarial Studies,ACTL10001,"Offered Semester 2, 2024",1,https://handbook.unimelb.edu.au/2024/subjects/actl10001
Semantics,LING30007,Not offered in 2024,3,https://handbook.unimelb.edu.au/2024/subjects/ling30007
History of Greece: Homer to Alexander,ANCW20022,"Offered Semester 1, 2024",2,https://handbook.unimelb.edu.au/2024/subjects/ancw20022
Music and Gender,MUSI20224,Not offered in 2024,2,https://handbook.unimelb.edu.au/2024/subjects/musi20224
Food For a Healthy Planet II,UNIB20014,"Offered Semester 2, 2024",2,https://handbook.unimelb.edu.au/2024/subjects/unib20014
Imaging Italy,ITAL30010,Not offered in 2024,3,https://handbook.unimelb.edu.au/2024/subjects/ital30010
European Modernism,EURO20002,Not offered in 2024,2,https://handbook.unimelb.edu.au/2024/subjects/euro20002
Ancient Greek 3,CLAS10020,"Offered Semester 1, 2024",1,https://handbook.unimelb.edu.au/2024/subjects/clas10020
Formative Ideas in Architecture,ABPL30053,"Offered Semester 1, 2024",3,https://handbook.unimelb.edu.au/2024/subjects/abpl30053
Design Studio Alpha,ARCH10003,"Offered Semester 1, Semester 2, 2024",1,https://handbook.unimelb.edu.au/2024/subjects/arch10003
The Dynamics of Scientific Change,HPSC30035,"Offered Semester 2, 2024",3,https://handbook.unimelb.edu.au/2024/subjects/hpsc30035
Writing for Screen,CWRI20009,"Offered Semester 2, 2024",2,https://handbook.unimelb.edu.au/2024/subjects/cwri20009
Politics: Middle East and South Asia,ISLM20015,"Offered Semester 2, 2024",2,https://handbook.unimelb.edu.au/2024/subjects/islm20015
Music and Politics,MUSI20204,"Offered Semester 2, 2024",2,https://handbook.unimelb.edu.au/2024/subjects/musi20204
Hebrew 6,HEBR30004,"Offered Semester 2, 2024",3,https://handbook.unimelb.edu.au/2024/subjects/hebr30004
Thinking Sex,CULS30004,"Offered Semester 1, 2024",3,https://handbook.unimelb.edu.au/2024/subjects/culs30004
Reading Japanese Literature,JAPN10009,"Offered Semester 2, 2024",1,https://handbook.unimelb.edu.au/2024/subjects/japn10009
Chinese 10,CHIN10002,"Offered Semester 2, 2024",1,https://handbook.unimelb.edu.au/2024/subjects/chin10002
Pirates and their Enemies,HIST20072,Not offered in 2024,2,https://handbook.unimelb.edu.au/2024/subjects/hist20072
