Subject Name,Subject Code,URL,Level,Credit Points,Offering Info
MD Discovery 4: Creation,MEDS90042,https://handbook.unimelb.edu.au/2024/subjects/meds90042,Graduate coursework,50 credit points,Not offered in 2024
Applied Business Analytics,BUSA90547,https://handbook.unimelb.edu.au/2024/subjects/busa90547,Graduate coursework,12.5 credit points,Not offered in 2024
Special Needs Dentistry 3,DENT90107,https://handbook.unimelb.edu.au/2024/subjects/dent90107,Graduate coursework,75 credit points,Not offered in 2024
Development Policy: Independent Project,DEVT90007,https://handbook.unimelb.edu.au/2024/subjects/devt90007,Graduate coursework,12.5 credit points,Not offered in 2024
Assurance Practices,ACCT90007,https://handbook.unimelb.edu.au/2024/subjects/acct90007,Graduate coursework,12.5 credit points,Not offered in 2024
Design and Production Melbourne x Berlin,DPSS30011,https://handbook.unimelb.edu.au/2024/subjects/dpss30011,Undergraduate Level 3,12.5 credit points,Not offered in 2024
Spatial Industry Internship,GEOM90017,https://handbook.unimelb.edu.au/2024/subjects/geom90017,Graduate coursework,12.5 credit points,Not offered in 2024
Thesis(FT),SCWK90045,https://handbook.unimelb.edu.au/2024/subjects/scwk90045,Masters time-based research,0 credit points,"Offered Time-based Research, 2024"
Research in Auditing,ACCT40003,https://handbook.unimelb.edu.au/2024/subjects/acct40003,Honours,12.5 credit points,Not offered in 2024
Special Topics in Accounting,ACCT30007,https://handbook.unimelb.edu.au/2024/subjects/acct30007,Undergraduate Level 3,12.5 credit points,Not offered in 2024
Research Project (MFA),CREA70001,https://handbook.unimelb.edu.au/2024/subjects/crea70001,,,"Offered Time-based Research, 2024"
Macroeconomics 2,ECON90047,https://handbook.unimelb.edu.au/2024/subjects/econ90047,Graduate coursework,12.5 credit points,Not offered in 2024
Risk Management,BUSA90315,https://handbook.unimelb.edu.au/2024/subjects/busa90315,Graduate coursework,12.5 credit points,Not offered in 2024
Advanced Studies in Economics 2,ECON90065,https://handbook.unimelb.edu.au/2024/subjects/econ90065,Graduate coursework,12.5 credit points,Not offered in 2024
Strategic Management Accounting,ACCT90006,https://handbook.unimelb.edu.au/2024/subjects/acct90006,Graduate coursework,12.5 credit points,Not offered in 2024
Industry Studies in Asia,BUSA90132,https://handbook.unimelb.edu.au/2024/subjects/busa90132,Graduate coursework,12.5 credit points,Not offered in 2024
Counselling Skills,GENE90003,https://handbook.unimelb.edu.au/2024/subjects/gene90003,Graduate coursework,12.5 credit points,Not offered in 2024
PhD Research,CHEN80001,https://handbook.unimelb.edu.au/2024/subjects/chen80001,Doctorate time-based research,0 credit points,"Offered Time-based Research, 2024"
Integration and Implementation,BUSA90139,https://handbook.unimelb.edu.au/2024/subjects/busa90139,Graduate coursework,50 credit points,Not offered in 2024
Statutory Valuation (PG),ABPL90045,https://handbook.unimelb.edu.au/2024/subjects/abpl90045,Graduate coursework,12.5 credit points,"Offered Semester 2, 2024"
BioSciences Research Project Part 4,BIOL90018,https://handbook.unimelb.edu.au/2024/subjects/biol90018,Graduate coursework,37.5 credit points,"Offered Semester 1 (Early-Start), Semester 2 (Early-Start), 2024"
Creative Arts Therapists in Community,CREA90017,https://handbook.unimelb.edu.au/2024/subjects/crea90017,Graduate coursework,12.5 credit points,"Offered Semester 2 (Early-Start), 2024"
Clinical Sexual & Reproductive Health,POPH90070,https://handbook.unimelb.edu.au/2024/subjects/poph90070,Graduate coursework,12.5 credit points,"Offered Semester 1, 2024"
Twentieth-Century Italian Art: 1909-1969,AHIS40008,https://handbook.unimelb.edu.au/2024/subjects/ahis40008,Honours,12.5 credit points,"Offered Semester 1, 2024"
Foundation Studies in Chemistry,CHEM10008,https://handbook.unimelb.edu.au/2024/subjects/chem10008,Undergraduate Level 1,12.5 credit points,"Offered Semester 1, 2024"
Farm Trees & Agroforestry,FRST90033,https://handbook.unimelb.edu.au/2024/subjects/frst90033,Graduate coursework,12.5 credit points,"Offered Semester 2, 2024"
Financial Accounting Research,ACCT90019,https://handbook.unimelb.edu.au/2024/subjects/acct90019,Graduate coursework,12.5 credit points,"Offered Semester 1, 2024"
Study Design in Clinical Research,CLRS90011,https://handbook.unimelb.edu.au/2024/subjects/clrs90011,Graduate coursework,12.5 credit points,"Offered March, 2024"
BioSciences Research Project Pt 4(Cont.),BIOL90034,https://handbook.unimelb.edu.au/2024/subjects/biol90034,Graduate coursework,37.5 credit points,"Offered Semester 1 (Extended), Semester 2 (Extended), 2024"
Property Research and Analysis,ABPL90363,https://handbook.unimelb.edu.au/2024/subjects/abpl90363,Graduate coursework,12.5 credit points,"Offered Semester 1, 2024"
Research and Evidence 1,PHTY90094,https://handbook.unimelb.edu.au/2024/subjects/phty90094,Graduate coursework,6.25 credit points,"Offered Semester 1 (Early-Start), 2024"
Particle Physics,PHYC90011,https://handbook.unimelb.edu.au/2024/subjects/phyc90011,Graduate coursework,12.5 credit points,"Offered Semester 2, 2024"
Professional Psychology Placement 2,PSYC90116,https://handbook.unimelb.edu.au/2024/subjects/psyc90116,Graduate coursework,25 credit points,"Offered Semester 2, 2024"
Animal Welfare,ANSC90007,https://handbook.unimelb.edu.au/2024/subjects/ansc90007,Graduate coursework,12.5 credit points,Not offered in 2024
Repetiteur Skills,MUSI90232,https://handbook.unimelb.edu.au/2024/subjects/musi90232,Graduate coursework,12.5 credit points,"Offered Semester 2, 2024"
Special Studies,AGRI30022,https://handbook.unimelb.edu.au/2024/subjects/agri30022,Undergraduate Level 3,12.5 credit points,"Offered Summer Term, Semester 1, Semester 2, 2024"
Social Entrepreneur Consulting Practicum,BUSA90517,https://handbook.unimelb.edu.au/2024/subjects/busa90517,Graduate coursework,12.5 credit points,"Offered March, 2024"
Geography Minor Research Project Part 1,GEOG90031,https://handbook.unimelb.edu.au/2024/subjects/geog90031,Graduate coursework,25 credit points,"Offered Semester 1, Semester 2, 2024"
"Dance Writing, Archives & Documentation",DNCE90016,https://handbook.unimelb.edu.au/2024/subjects/dnce90016,Graduate coursework,25 credit points,"Offered Semester 2, 2024"
TOE - Practical,MEDI90141,https://handbook.unimelb.edu.au/2024/subjects/medi90141,Graduate coursework,6.25 credit points,Not offered in 2024
Languages of the Screen,FLTV30009,https://handbook.unimelb.edu.au/2024/subjects/fltv30009,Undergraduate Level 3,12.5 credit points,"Offered Semester 1, 2024"
Systems Modelling and Simulation,MAST90045,https://handbook.unimelb.edu.au/2024/subjects/mast90045,Graduate coursework,12.5 credit points,Not offered in 2024
Behavioural Research in Accounting,ACCT90039,https://handbook.unimelb.edu.au/2024/subjects/acct90039,Graduate coursework,12.5 credit points,"Offered June, 2024"
Physics Research Project Pt 2,PHYC90034,https://handbook.unimelb.edu.au/2024/subjects/phyc90034,Graduate coursework,25 credit points,"Offered Semester 1 (Extended), Semester 2 (Extended), 2024"
Earth Sciences Research Project Pt2,ERTH40011,https://handbook.unimelb.edu.au/2024/subjects/erth40011,Honours,37.5 credit points,"Offered Semester 1 (Early-Start), Semester 2 (Early-Start), 2024"
Statistical Mechanics,PHYC90010,https://handbook.unimelb.edu.au/2024/subjects/phyc90010,Graduate coursework,12.5 credit points,"Offered Semester 1, 2024"
Breast Ultrasound,MEDI90116,https://handbook.unimelb.edu.au/2024/subjects/medi90116,Graduate coursework,6.25 credit points,Not offered in 2024
Landscape Architecture Design Thesis,ABPL90375,https://handbook.unimelb.edu.au/2024/subjects/abpl90375,Graduate coursework,25 credit points,"Offered Semester 1, Semester 2, 2024"
Interdisciplinary Industry Project 1,ARTS90026,https://handbook.unimelb.edu.au/2024/subjects/arts90026,Graduate coursework,12.5 credit points,Not offered in 2024
Graduate French A,FREN90003,https://handbook.unimelb.edu.au/2024/subjects/fren90003,Graduate coursework,12.5 credit points,"Offered Semester 1, 2024"
Advanced Microeconomics,ECON90063,https://handbook.unimelb.edu.au/2024/subjects/econ90063,Graduate coursework,12.5 credit points,"Offered Semester 1, 2024"
DRFS Research Report Part 1,FNCE90071,https://handbook.unimelb.edu.au/2024/subjects/fnce90071,Graduate coursework,12.5 credit points,"Offered Semester 1 (Extended), Semester 2 (Extended), 2024"
Physics Research Project Pt 1,PHYC90048,https://handbook.unimelb.edu.au/2024/subjects/phyc90048,Graduate coursework,37.5 credit points,"Offered Semester 1 (Extended), Semester 2 (Extended), 2024"
Ultrasound for Paramedics,MEDI90127,https://handbook.unimelb.edu.au/2024/subjects/medi90127,Graduate coursework,6.25 credit points,Not offered in 2024
Community Justice Project,CRIM90016,https://handbook.unimelb.edu.au/2024/subjects/crim90016,Graduate coursework,12.5 credit points,"Offered July, 2024"
Clinical Research Proposal,MEDI90019,https://handbook.unimelb.edu.au/2024/subjects/medi90019,Graduate coursework,25 credit points,"Offered Semester 1 (Early-Start), April, 2024"
Politics & International Thesis Part 1,POLS40021,https://handbook.unimelb.edu.au/2024/subjects/pols40021,Honours,25 credit points,"Offered Semester 1, 2024"
Leadership in Clinical Settings,PADM90013,https://handbook.unimelb.edu.au/2024/subjects/padm90013,Graduate coursework,12.5 credit points,"Offered March, 2024"
Architecture and Media,ABPL90368,https://handbook.unimelb.edu.au/2024/subjects/abpl90368,Graduate coursework,12.5 credit points,Not offered in 2024
Earth Sciences Research Project Pt1,ERTH40007,https://handbook.unimelb.edu.au/2024/subjects/erth40007,Honours,25 credit points,"Offered Semester 1 (Extended), Semester 2 (Extended), 2024"
Acting for Opera Performance 1,MUSI90183,https://handbook.unimelb.edu.au/2024/subjects/musi90183,Graduate coursework,12.5 credit points,"Offered Semester 2, 2024"
Humanitarian Construction,ABPL90277,https://handbook.unimelb.edu.au/2024/subjects/abpl90277,Graduate coursework,12.5 credit points,Not offered in 2024
Introduction to Genetic Counselling,WELF90010,https://handbook.unimelb.edu.au/2024/subjects/welf90010,Graduate coursework,25 credit points,"Offered Year Long, 2024"
High Speed Electronics,ELEN90062,https://handbook.unimelb.edu.au/2024/subjects/elen90062,Graduate coursework,12.5 credit points,"Offered Semester 2, 2024"
Literature Review,PSYC90003,https://handbook.unimelb.edu.au/2024/subjects/psyc90003,Graduate coursework,6.25 credit points,"Offered Semester 1, 2024"
Informal Settlement,ABPL90425,https://handbook.unimelb.edu.au/2024/subjects/abpl90425,Graduate coursework,12.5 credit points,"Offered Semester 1, 2024"
Ultrasound Critical Care Proceduresâ€“Prac,MEDI90143,https://handbook.unimelb.edu.au/2024/subjects/medi90143,Graduate coursework,6.25 credit points,"Offered Semester 1, Semester 2, 2024"
Emerging Technologies and Issues,ISYS90032,https://handbook.unimelb.edu.au/2024/subjects/isys90032,Graduate coursework,12.5 credit points,"Offered Semester 1, 2024"
Physics Research Project Pt 4,PHYC90044,https://handbook.unimelb.edu.au/2024/subjects/phyc90044,Graduate coursework,50 credit points,"Offered Semester 1 (Early-Start), Semester 2 (Early-Start), 2024"
Screen Practice 1A,FLTV10006,https://handbook.unimelb.edu.au/2024/subjects/fltv10006,Undergraduate Level 1,18.75 credit points,"Offered Semester 1, 2024"
Info Systems Capstone Research Proj Pt2,ISYS90110,https://handbook.unimelb.edu.au/2024/subjects/isys90110,Graduate coursework,12.5 credit points,"Offered Semester 1 (Early-Start), Semester 2 (Early-Start), 2024"
Research Project (MMS),BIOM90018,https://handbook.unimelb.edu.au/2024/subjects/biom90018,Graduate coursework,37.5 credit points,"Offered Semester 1, Semester 2, 2024"
Choreographic Production,DNCE30028,https://handbook.unimelb.edu.au/2024/subjects/dnce30028,Undergraduate Level 3,25 credit points,"Offered Semester 2, 2024"
Electronic System Design,ELEN90053,https://handbook.unimelb.edu.au/2024/subjects/elen90053,Graduate coursework,12.5 credit points,"Offered Semester 2, 2024"
Building Information Management,CONS30002,https://handbook.unimelb.edu.au/2024/subjects/cons30002,Undergraduate Level 3,12.5 credit points,"Offered Semester 2, 2024"
OMS Clinical Practice 1,DENT90047,https://handbook.unimelb.edu.au/2024/subjects/dent90047,Graduate coursework,25 credit points,"Offered Semester 1, 2024"
Economic Analysis and Policy,ECON90075,https://handbook.unimelb.edu.au/2024/subjects/econ90075,Graduate coursework,12.5 credit points,"Offered Semester 1, 2024"
Analytical Techniques for Biotechnology,SCIE90002,https://handbook.unimelb.edu.au/2024/subjects/scie90002,Graduate coursework,12.5 credit points,Not offered in 2024
Introduction to Transport and Land Use,ABPL90077,https://handbook.unimelb.edu.au/2024/subjects/abpl90077,Graduate coursework,12.5 credit points,"Offered Semester 1, 2024"
Researching Media and Culture,ARTS90013,https://handbook.unimelb.edu.au/2024/subjects/arts90013,Graduate coursework,6.25 credit points,"Offered Semester 1, 2024"
Data Analytics in Insurance 2,ACTL90019,https://handbook.unimelb.edu.au/2024/subjects/actl90019,Graduate coursework,12.5 credit points,"Offered Semester 2, 2024"
Politics & International Thesis Part 2,POLS40022,https://handbook.unimelb.edu.au/2024/subjects/pols40022,Honours,25 credit points,"Offered Semester 2, 2024"
Advanced Accounting 2,ACCT90045,https://handbook.unimelb.edu.au/2024/subjects/acct90045,Graduate coursework,12.5 credit points,"Offered Year Long, 2024"
Thesis (Masters/coursework) Part 2,PSYC90096,https://handbook.unimelb.edu.au/2024/subjects/psyc90096,Graduate coursework,18.75 credit points,"Offered Semester 2, 2024"
Epidemiology Research Project Part 2,POPH90279,https://handbook.unimelb.edu.au/2024/subjects/poph90279,Graduate coursework,25 credit points,"Offered Semester 1, Semester 2, 2024"
Geography Research Project Part 4,GEOG90051,https://handbook.unimelb.edu.au/2024/subjects/geog90051,Graduate coursework,50 credit points,"Offered Semester 1 (Early-Start), Semester 2 (Early-Start), 2024"
Periodontics 2,DENT90100,https://handbook.unimelb.edu.au/2024/subjects/dent90100,Graduate coursework,75 credit points,"Offered Year Long (Extended), 2024"
Monetary Economics,ECON40013,https://handbook.unimelb.edu.au/2024/subjects/econ40013,Honours,12.5 credit points,"Offered Semester 2, 2024"
Production Studio 4,DPSS20013,https://handbook.unimelb.edu.au/2024/subjects/dpss20013,Undergraduate Level 2,25 credit points,"Offered Semester 2, 2024"
Dental Practice 1 PT2,DENT90134,https://handbook.unimelb.edu.au/2024/subjects/dent90134,Graduate coursework,12.5 credit points,"Offered Year Long (Extended), 2024"
Animal Sci & Mgt Research Project Part 2,ANSC40002,https://handbook.unimelb.edu.au/2024/subjects/ansc40002,Honours,50 credit points,"Offered Semester 2 (Early-Start), 2024"
Statistical Modelling for Data Science,MAST90139,https://handbook.unimelb.edu.au/2024/subjects/mast90139,Graduate coursework,12.5 credit points,"Offered Semester 1, 2024"
Mobile and Wireless Networks and Design,ELEN90013,https://handbook.unimelb.edu.au/2024/subjects/elen90013,Graduate coursework,12.5 credit points,Not offered in 2024
Fluid Dynamics,MCEN90008,https://handbook.unimelb.edu.au/2024/subjects/mcen90008,Graduate coursework,12.5 credit points,"Offered Semester 2, 2024"
Translation Industry Project,TRAN90022,https://handbook.unimelb.edu.au/2024/subjects/tran90022,Graduate coursework,12.5 credit points,"Offered Semester 1, Semester 2, 2024"
Macroeconomics II,ECON90014,https://handbook.unimelb.edu.au/2024/subjects/econ90014,Graduate coursework,12.5 credit points,"Offered Semester 2, 2024"
Research Project In Geoscience,GEOL90025,https://handbook.unimelb.edu.au/2024/subjects/geol90025,Graduate coursework,25 credit points,"Offered Semester 1, Semester 2, 2024"
Complex Building Energy Modelling,ABPL90153,https://handbook.unimelb.edu.au/2024/subjects/abpl90153,Graduate coursework,12.5 credit points,"Offered Summer Term, 2024"
Monetary Economics,ECON90011,https://handbook.unimelb.edu.au/2024/subjects/econ90011,Graduate coursework,12.5 credit points,"Offered Semester 2, 2024"
Economic Design,ECON40006,https://handbook.unimelb.edu.au/2024/subjects/econ40006,Honours,12.5 credit points,Not offered in 2024
French Thesis Part 1,FREN40010,https://handbook.unimelb.edu.au/2024/subjects/fren40010,Honours,25 credit points,"Offered Semester 1, Semester 2, 2024"
Advanced Hydrological Solutions,ENEN90039,https://handbook.unimelb.edu.au/2024/subjects/enen90039,Graduate coursework,12.5 credit points,Not offered in 2024
Regional Anaesthesia - Practical,MEDI90139,https://handbook.unimelb.edu.au/2024/subjects/medi90139,Graduate coursework,6.25 credit points,Not offered in 2024
Production Practice 2,DPSS20012,https://handbook.unimelb.edu.au/2024/subjects/dpss20012,Undergraduate Level 2,12.5 credit points,"Offered Semester 2 (Extended), 2024"
Engineering Research Project Part 2,ENGR90042,https://handbook.unimelb.edu.au/2024/subjects/engr90042,Graduate coursework,25 credit points,"Offered Semester 1, Semester 2, 2024"
Atmospheric Modelling,ATOC20003,https://handbook.unimelb.edu.au/2024/subjects/atoc20003,Undergraduate Level 2,12.5 credit points,"Offered Semester 2, 2024"
Research Design 1,DENT90011,https://handbook.unimelb.edu.au/2024/subjects/dent90011,Graduate coursework,6.25 credit points,"Offered Semester 1, 2024"
Speech Pathology Practice 3,AUDI90039,https://handbook.unimelb.edu.au/2024/subjects/audi90039,Graduate coursework,12.5 credit points,"Offered Semester 2 (Extended), 2024"
Clinical Processes A,AUDI90027,https://handbook.unimelb.edu.au/2024/subjects/audi90027,Graduate coursework,12.5 credit points,"Offered Semester 1, 2024"
Behavioural & Cognitive Neuroscience,PSYC40004,https://handbook.unimelb.edu.au/2024/subjects/psyc40004,Honours,12.5 credit points,"Offered July, 2024"
Earth Sciences Research Project Pt 6,ERTH90065,https://handbook.unimelb.edu.au/2024/subjects/erth90065,Graduate coursework,37.5 credit points,Not offered in 2024
World Economic History,ECON90056,https://handbook.unimelb.edu.au/2024/subjects/econ90056,Graduate coursework,12.5 credit points,"Offered Semester 2, 2024"
Language Assessment,LING90009,https://handbook.unimelb.edu.au/2024/subjects/ling90009,Graduate coursework,12.5 credit points,"Offered Semester 1, 2024"
Clinical Elective,MEDS90027,https://handbook.unimelb.edu.au/2024/subjects/meds90027,Graduate coursework,0 credit points,"Offered May, November, 2024"
Earth Sciences Research Project Pt1,ERTH40008,https://handbook.unimelb.edu.au/2024/subjects/erth40008,Honours,37.5 credit points,"Offered Semester 1 (Extended), Semester 2 (Extended), 2024"
Nursing Science 3,NURS90052,https://handbook.unimelb.edu.au/2024/subjects/nurs90052,Graduate coursework,12.5 credit points,"Offered Semester 1, 2024"
Chemistry Research Project Pt 3,CHEM90032,https://handbook.unimelb.edu.au/2024/subjects/chem90032,Graduate coursework,25 credit points,"Offered Semester 1 (Extended), Semester 2 (Extended), 2024"
Exploring Neural Circuits and Systems,BMSC90020,https://handbook.unimelb.edu.au/2024/subjects/bmsc90020,Graduate coursework,12.5 credit points,"Offered Semester 1, 2024"
Contextual Studies 2,DRAM10034,https://handbook.unimelb.edu.au/2024/subjects/dram10034,Undergraduate Level 1,12.5 credit points,"Offered Semester 2, 2024"
Algorithms for Bioinformatics,COMP90014,https://handbook.unimelb.edu.au/2024/subjects/comp90014,Graduate coursework,12.5 credit points,"Offered Semester 2, 2024"
Topics in Advanced Economic Analysis,ECON90004,https://handbook.unimelb.edu.au/2024/subjects/econ90004,Graduate coursework,12.5 credit points,Not offered in 2024
Information Security Consulting,ISYS90070,https://handbook.unimelb.edu.au/2024/subjects/isys90070,Graduate coursework,12.5 credit points,Not offered in 2024
International Accounting Study Program,ACCT30011,https://handbook.unimelb.edu.au/2024/subjects/acct30011,Undergraduate Level 3,12.5 credit points,Not offered in 2024
Public Sector Accounting and Reporting,ACCT90035,https://handbook.unimelb.edu.au/2024/subjects/acct90035,Graduate coursework,12.5 credit points,Not offered in 2024
Foundations of Dental Practice PT1,DENT90131,https://handbook.unimelb.edu.au/2024/subjects/dent90131,Graduate coursework,18.75 credit points,Not offered in 2024
Entertainment Deals,LAWS90079,https://handbook.unimelb.edu.au/2024/subjects/laws90079,Graduate coursework,12.5 credit points,Not offered in 2024
Principles of Clinical Practice 3 (Oslo),MEDS90028,https://handbook.unimelb.edu.au/2024/subjects/meds90028,Graduate coursework,50 credit points,Not offered in 2024
Strategic Cost Management,BUSA90184,https://handbook.unimelb.edu.au/2024/subjects/busa90184,Graduate coursework,12.5 credit points,Not offered in 2024
Evidence for Practice,NURS90009,https://handbook.unimelb.edu.au/2024/subjects/nurs90009,Graduate coursework,12.5 credit points,Not offered in 2024
Adv Topics in Biomechanics,ENGR90020,https://handbook.unimelb.edu.au/2024/subjects/engr90020,Graduate coursework,12.5 credit points,Not offered in 2024
International Trade and Policy,ECON90009,https://handbook.unimelb.edu.au/2024/subjects/econ90009,Graduate coursework,12.5 credit points,Not offered in 2024
Law of Commercial Cyberspace,LAWS90162,https://handbook.unimelb.edu.au/2024/subjects/laws90162,Graduate coursework,12.5 credit points,Not offered in 2024
Design Workshop,ABPL30067,https://handbook.unimelb.edu.au/2024/subjects/abpl30067,Undergraduate Level 3,12.5 credit points,Not offered in 2024
Deals,LAWS50051,https://handbook.unimelb.edu.au/2024/subjects/laws50051,Graduate coursework Level 5,12.5 credit points,Not offered in 2024
Strategic Human Resource Leadership,MGMT90213,https://handbook.unimelb.edu.au/2024/subjects/mgmt90213,Graduate coursework,6.25 credit points,Not offered in 2024
Image Processing,ELEN90076,https://handbook.unimelb.edu.au/2024/subjects/elen90076,Graduate coursework,12.5 credit points,Not offered in 2024
"Democracy, Law and Civil Liberties",LAWS50118,https://handbook.unimelb.edu.au/2024/subjects/laws50118,Graduate coursework Level 5,12.5 credit points,Not offered in 2024
Dental Practice 1 PT1,DENT90133,https://handbook.unimelb.edu.au/2024/subjects/dent90133,Graduate coursework,12.5 credit points,Not offered in 2024
Internet Marketing & Electronic Commerce,BUSA90519,https://handbook.unimelb.edu.au/2024/subjects/busa90519,Graduate coursework,12.5 credit points,Not offered in 2024
The Romantic Piano,MUSI40098,https://handbook.unimelb.edu.au/2024/subjects/musi40098,Honours,12.5 credit points,Not offered in 2024
Thesis(PT),SCWK90046,https://handbook.unimelb.edu.au/2024/subjects/scwk90046,Masters time-based research,0 credit points,"Offered Time-based Research, 2024"
Commercial Restitution,LAWS50115,https://handbook.unimelb.edu.au/2024/subjects/laws50115,Graduate coursework Level 5,12.5 credit points,Not offered in 2024
PhD Research,HIST80001,https://handbook.unimelb.edu.au/2024/subjects/hist80001,Doctorate time-based research,0 credit points,"Offered Time-based Research, 2024"
Writing and Publishing Reports,MGMT90134,https://handbook.unimelb.edu.au/2024/subjects/mgmt90134,Graduate coursework,12.5 credit points,Not offered in 2024
Microwave Photonics,ELEN90084,https://handbook.unimelb.edu.au/2024/subjects/elen90084,Graduate coursework,12.5 credit points,Not offered in 2024
Professional Development and Application,BUSA90554,https://handbook.unimelb.edu.au/2024/subjects/busa90554,Graduate coursework,12.5 credit points,Not offered in 2024
International Property Development A,ABPL90038,https://handbook.unimelb.edu.au/2024/subjects/abpl90038,Graduate coursework,25 credit points,Not offered in 2024
Ph.D.- Accounting Thesis Workshop,ACCT90017,https://handbook.unimelb.edu.au/2024/subjects/acct90017,Graduate coursework,12.5 credit points,Not offered in 2024
Physiotherapy Theory and Practice 1,PHTY90095,https://handbook.unimelb.edu.au/2024/subjects/phty90095,Graduate coursework,18.75 credit points,Not offered in 2024
Shorter Thesis - Applied Linguistics,LING70002,https://handbook.unimelb.edu.au/2024/subjects/ling70002,Masters time-based research,0 credit points,"Offered Time-based Research, 2024"
Clinical Path Research Project Part 2,PATH40009,https://handbook.unimelb.edu.au/2024/subjects/path40009,Honours,37.5 credit points,Not offered in 2024
Auditory and Visual Processing,ELEN90071,https://handbook.unimelb.edu.au/2024/subjects/elen90071,Graduate coursework,12.5 credit points,Not offered in 2024
Advanced Topics in Optical Communication,ELEN90085,https://handbook.unimelb.edu.au/2024/subjects/elen90085,Graduate coursework,12.5 credit points,Not offered in 2024
PhD Research,CVEN80001,https://handbook.unimelb.edu.au/2024/subjects/cven80001,Doctorate time-based research,0 credit points,"Offered Time-based Research, 2024"
Adv Topics in Engineering Mathematics,ELEN90018,https://handbook.unimelb.edu.au/2024/subjects/elen90018,Graduate coursework,12.5 credit points,Not offered in 2024
International Film Festival Studio,FLTV20020,https://handbook.unimelb.edu.au/2024/subjects/fltv20020,Undergraduate Level 2,12.5 credit points,Not offered in 2024
PhD Research,ASIA80001,https://handbook.unimelb.edu.au/2024/subjects/asia80001,Doctorate time-based research,0 credit points,"Offered Time-based Research, 2024"
Acc.Information and Security Valuation,ACCT90008,https://handbook.unimelb.edu.au/2024/subjects/acct90008,Graduate coursework,12.5 credit points,Not offered in 2024
Economic and Business Law in Asia,LAWS90037,https://handbook.unimelb.edu.au/2024/subjects/laws90037,Graduate coursework,12.5 credit points,Not offered in 2024
Physiotherapy Theory and Practice 2,PHTY90092,https://handbook.unimelb.edu.au/2024/subjects/phty90092,Graduate coursework,12.5 credit points,Not offered in 2024
Advanced Financial Mathematics,ACTL40004,https://handbook.unimelb.edu.au/2024/subjects/actl40004,Honours,12.5 credit points,"Offered Semester 1, 2024"
Agricultural Genetics,AGRI10052,https://handbook.unimelb.edu.au/2024/subjects/agri10052,Undergraduate Level 1,12.5 credit points,"Offered Semester 2, 2024"
Criminology Thesis Part 1,CRIM40008,https://handbook.unimelb.edu.au/2024/subjects/crim40008,Honours,25 credit points,"Offered Semester 1, 2024"
Physics Research Project Pt1,PHYC40009,https://handbook.unimelb.edu.au/2024/subjects/phyc40009,Undergraduate Level 4,12.5 credit points,"Offered Semester 1 (Extended), Semester 2 (Extended), 2024"
Industrial Systems and Simulation,MCEN90053,https://handbook.unimelb.edu.au/2024/subjects/mcen90053,Graduate coursework,12.5 credit points,"Offered Semester 2, 2024"
Special Topics in Finance A,FNCE90043,https://handbook.unimelb.edu.au/2024/subjects/fnce90043,Graduate coursework,6.25 credit points,"Offered February, 2024"
Peri-Arrest Ultrasound - Practical,MEDI90138,https://handbook.unimelb.edu.au/2024/subjects/medi90138,Graduate coursework,6.25 credit points,"Offered Semester 1, Semester 2, 2024"
Arts Research Internship,ARTS90033,https://handbook.unimelb.edu.au/2024/subjects/arts90033,Graduate coursework,25 credit points,"Offered Semester 1, 2024"
Industry Studies in America,BUSA90513,https://handbook.unimelb.edu.au/2024/subjects/busa90513,Graduate coursework,12.5 credit points,"Offered Winter Term, 2024"
Biotechnology Research Project Part 1,SCIE90028,https://handbook.unimelb.edu.au/2024/subjects/scie90028,Graduate coursework,12.5 credit points,"Offered Semester 1 (Extended), Semester 2 (Extended), 2024"
Sustainable Landscapes,ENST90043,https://handbook.unimelb.edu.au/2024/subjects/enst90043,Graduate coursework,12.5 credit points,"Offered Semester 1, 2024"
Anatomy and Physiology,ANAT90011,https://handbook.unimelb.edu.au/2024/subjects/anat90011,Graduate coursework,12.5 credit points,"Offered Semester 1, 2024"
Animation Lab 3,FLTV30018,https://handbook.unimelb.edu.au/2024/subjects/fltv30018,Undergraduate Level 3,12.5 credit points,"Offered Semester 1, 2024"
Researching Language,ARTS90015,https://handbook.unimelb.edu.au/2024/subjects/arts90015,Graduate coursework,6.25 credit points,"Offered Semester 1, 2024"
Geography Honours Research Project Pt2,GEOG40010,https://handbook.unimelb.edu.au/2024/subjects/geog40010,Honours,50 credit points,"Offered Semester 2 (Early-Start), 2024"
AA Visiting School Undergraduate,ABPL30063,https://handbook.unimelb.edu.au/2024/subjects/abpl30063,Undergraduate Level 3,12.5 credit points,"Offered Winter Term, 2024"
Advanced Psychological Practice 2,PSYC90016,https://handbook.unimelb.edu.au/2024/subjects/psyc90016,Graduate coursework,6.25 credit points,"Offered Semester 2, 2024"
Master Thesis in Vet Science (Clinical),VETS90027,https://handbook.unimelb.edu.au/2024/subjects/vets90027,Masters time-based research,0 credit points,"Offered Time-based Research, 2024"
Business Risk Management,MULT90014,https://handbook.unimelb.edu.au/2024/subjects/mult90014,Graduate coursework,12.5 credit points,"Offered Winter Term, 2024"
Physics Research Project Pt 4,PHYC90046,https://handbook.unimelb.edu.au/2024/subjects/phyc90046,Graduate coursework,25 credit points,"Offered Semester 1 (Early-Start), Semester 2 (Early-Start), 2024"
Discrete and Network Optimisation,ELEN90087,https://handbook.unimelb.edu.au/2024/subjects/elen90087,Graduate coursework,12.5 credit points,Not offered in 2024
Program Analysis and Transformation,COMP90053,https://handbook.unimelb.edu.au/2024/subjects/comp90053,Graduate coursework,12.5 credit points,Not offered in 2024
Participatory Risk Management,GEOG90020,https://handbook.unimelb.edu.au/2024/subjects/geog90020,Graduate coursework,12.5 credit points,"Offered Semester 1, 2024"
Landscape Materialities,ABPL90340,https://handbook.unimelb.edu.au/2024/subjects/abpl90340,Graduate coursework,12.5 credit points,Not offered in 2024
Analytics for Strategic Management,BUSA90531,https://handbook.unimelb.edu.au/2024/subjects/busa90531,Graduate coursework,12.5 credit points,"Offered January, 2024"
Positioning Principles and Technologies,GEOM90033,https://handbook.unimelb.edu.au/2024/subjects/geom90033,Graduate coursework,12.5 credit points,"Offered Semester 2, 2024"
Neuroscience and Psychopharmacology,PSYC90083,https://handbook.unimelb.edu.au/2024/subjects/psyc90083,Graduate coursework,6.25 credit points,"Offered Semester 2, 2024"
PhD Research,POLS80001,https://handbook.unimelb.edu.au/2024/subjects/pols80001,Doctorate time-based research,0 credit points,"Offered Time-based Research, 2024"
Special Topics in Finance D,FNCE90067,https://handbook.unimelb.edu.au/2024/subjects/fnce90067,Graduate coursework,6.25 credit points,Not offered in 2024
Labour in Construction,ABPL90332,https://handbook.unimelb.edu.au/2024/subjects/abpl90332,Graduate coursework,12.5 credit points,Not offered in 2024
MPhil Research,CHEN90005,https://handbook.unimelb.edu.au/2024/subjects/chen90005,Masters time-based research,0 credit points,"Offered Time-based Research, 2024"
Adv Topics in Fluid Mechanics,ENGR90019,https://handbook.unimelb.edu.au/2024/subjects/engr90019,Graduate coursework,12.5 credit points,Not offered in 2024
Environmental Impact Assessment,EVSC90015,https://handbook.unimelb.edu.au/2024/subjects/evsc90015,Graduate coursework,12.5 credit points,"Offered Semester 1, 2024"
Chemistry Honours Research Project Pt2,CHEM40012,https://handbook.unimelb.edu.au/2024/subjects/chem40012,Honours,25 credit points,"Offered Semester 1 (Early-Start), Semester 2 (Early-Start), 2024"
Cooperation and Conflict in World Trade,ECON90025,https://handbook.unimelb.edu.au/2024/subjects/econ90025,Graduate coursework,12.5 credit points,Not offered in 2024
Distributed Systems and Game Theory,ELEN90078,https://handbook.unimelb.edu.au/2024/subjects/elen90078,Graduate coursework,12.5 credit points,Not offered in 2024
Behavioural Economics:Accounting&Finance,ECON90062,https://handbook.unimelb.edu.au/2024/subjects/econ90062,Graduate coursework,12.5 credit points,Not offered in 2024
Particle Technology,CHEN90018,https://handbook.unimelb.edu.au/2024/subjects/chen90018,Graduate coursework,12.5 credit points,"Offered Semester 2, 2024"
Port Access and Navigation,CVEN90068,https://handbook.unimelb.edu.au/2024/subjects/cven90068,Graduate coursework,12.5 credit points,Not offered in 2024
Secure Cyberphysical Systems,ELEN90080,https://handbook.unimelb.edu.au/2024/subjects/elen90080,Graduate coursework,12.5 credit points,Not offered in 2024
Microbiology in Agriculture,AGRI20044,https://handbook.unimelb.edu.au/2024/subjects/agri20044,Undergraduate Level 2,12.5 credit points,"Offered Semester 1, 2024"
Physics Research Project Pt 3,PHYC90049,https://handbook.unimelb.edu.au/2024/subjects/phyc90049,Graduate coursework,37.5 credit points,"Offered Semester 1 (Extended), Semester 2 (Extended), 2024"
Body Knowledges: Dance Science,DNCE10029,https://handbook.unimelb.edu.au/2024/subjects/dnce10029,Undergraduate Level 1,12.5 credit points,"Offered Semester 1, 2024"
Prefabrication in Building,ABPL90325,https://handbook.unimelb.edu.au/2024/subjects/abpl90325,Graduate coursework,12.5 credit points,"Offered Semester 2, 2024"
Research Methods in the Creative Arts,CREA40001,https://handbook.unimelb.edu.au/2024/subjects/crea40001,Honours,12.5 credit points,"Offered Semester 1, 2024"
Biostatistics Research Project Part 2,POPH90289,https://handbook.unimelb.edu.au/2024/subjects/poph90289,Graduate coursework,12.5 credit points,"Offered Semester 1, Semester 2, 2024"
A First Course In Statistical Learning,MAST90104,https://handbook.unimelb.edu.au/2024/subjects/mast90104,Graduate coursework,25 credit points,"Offered Semester 2, 2024"
Energy Systems Project,ENGR90031,https://handbook.unimelb.edu.au/2024/subjects/engr90031,Graduate coursework,25 credit points,"Offered Semester 1, Semester 2, 2024"
Aerospace Dynamics and Control,MCEN90045,https://handbook.unimelb.edu.au/2024/subjects/mcen90045,Graduate coursework,12.5 credit points,"Offered Semester 1, 2024"
Animal Disease Biotechnology 2,ANSC30002,https://handbook.unimelb.edu.au/2024/subjects/ansc30002,Undergraduate Level 3,12.5 credit points,"Offered Semester 2, 2024"
Broadband Access Networking and Design,ELEN90016,https://handbook.unimelb.edu.au/2024/subjects/elen90016,Graduate coursework,12.5 credit points,Not offered in 2024
Clinical Placement 1,PSYC90012,https://handbook.unimelb.edu.au/2024/subjects/psyc90012,Graduate coursework,12.5 credit points,"Offered Year Long, 2024"
Lean Construction,ABPL90414,https://handbook.unimelb.edu.au/2024/subjects/abpl90414,Graduate coursework,12.5 credit points,"Offered Semester 1, 2024"
BioSciences Research Project Part 4,BIOL90016,https://handbook.unimelb.edu.au/2024/subjects/biol90016,Graduate coursework,12.5 credit points,"Offered Semester 1 (Early-Start), Semester 2 (Early-Start), 2024"
Nursing Science 2,NURS90125,https://handbook.unimelb.edu.au/2024/subjects/nurs90125,Graduate coursework,12.5 credit points,"Offered Semester 2, 2024"
Public Sector Governance,PADM90016,https://handbook.unimelb.edu.au/2024/subjects/padm90016,Graduate coursework,6.25 credit points,Not offered in 2024
Research Project in Comp Biology Pt2,SCIE90022,https://handbook.unimelb.edu.au/2024/subjects/scie90022,Graduate coursework,12.5 credit points,"Offered Semester 1 (Extended), Semester 2 (Extended), 2024"
Performance Practice 2,DRAM20030,https://handbook.unimelb.edu.au/2024/subjects/dram20030,Undergraduate Level 2,25 credit points,"Offered Semester 2, 2024"
Essentials of Sustainable Investing,FNCE30013,https://handbook.unimelb.edu.au/2024/subjects/fnce30013,Undergraduate Level 3,12.5 credit points,"Offered Semester 2, 2024"
Production Animal Physiology,ANSC30008,https://handbook.unimelb.edu.au/2024/subjects/ansc30008,Undergraduate Level 3,12.5 credit points,"Offered Semester 2, 2024"
Architecture Design Studio: Air,ABPL30048,https://handbook.unimelb.edu.au/2024/subjects/abpl30048,Undergraduate Level 3,12.5 credit points,"Offered Semester 1, Semester 2, 2024"
Conflict and Terrorism in Southeast Asia,ASIA90015,https://handbook.unimelb.edu.au/2024/subjects/asia90015,Graduate coursework,12.5 credit points,Not offered in 2024
Leadership and Management,PHTY90107,https://handbook.unimelb.edu.au/2024/subjects/phty90107,Graduate coursework,12.5 credit points,"Offered Semester 1 (Early-Start), 2024"
Managing Urban Trees,HORT90042,https://handbook.unimelb.edu.au/2024/subjects/hort90042,Graduate coursework,12.5 credit points,"Offered June, 2024"
Advanced Practice in Pelvic Floor Physio,PHTY90003,https://handbook.unimelb.edu.au/2024/subjects/phty90003,Graduate coursework,12.5 credit points,"Offered April, 2024"
Spanish and Latin American Cinema,SPAN30023,https://handbook.unimelb.edu.au/2024/subjects/span30023,Undergraduate Level 3,12.5 credit points,"Offered Semester 2, 2024"
"Urban Soils, Substrates and Water",ERTH90028,https://handbook.unimelb.edu.au/2024/subjects/erth90028,Graduate coursework,12.5 credit points,"Offered Semester 2, 2024"
Theatre Practice 2,DRAM20034,https://handbook.unimelb.edu.au/2024/subjects/dram20034,Undergraduate Level 2,25 credit points,"Offered Semester 2, 2024"
BioDesign Innovation,MGMT90231,https://handbook.unimelb.edu.au/2024/subjects/mgmt90231,Graduate coursework,37.5 credit points,"Offered February, 2024"
Research Project A (MMS) Part 2,BMSC90028,https://handbook.unimelb.edu.au/2024/subjects/bmsc90028,Graduate coursework,25 credit points,"Offered Semester 1 (Early-Start), Semester 2 (Early-Start), 2024"
Research Paper (Jazz & Improvisation),MUSI40106,https://handbook.unimelb.edu.au/2024/subjects/musi40106,Honours,18.75 credit points,"Offered Semester 2, 2024"
Crime Prevention: Critical Approaches,CRIM90010,https://handbook.unimelb.edu.au/2024/subjects/crim90010,Graduate coursework,12.5 credit points,"Offered Semester 1, 2024"
Applied Analytics Lab,BUSA90522,https://handbook.unimelb.edu.au/2024/subjects/busa90522,Graduate coursework,25 credit points,"Offered January, April, 2024"
Advanced Linguistics Analysis A,ARTS90040,https://handbook.unimelb.edu.au/2024/subjects/arts90040,Graduate coursework,6.25 credit points,"Offered Semester 1, Semester 2, 2024"
Nursing/Junior Doctor - Practical,MEDI90136,https://handbook.unimelb.edu.au/2024/subjects/medi90136,Graduate coursework,6.25 credit points,Not offered in 2024
Landscape Design,HORT90034,https://handbook.unimelb.edu.au/2024/subjects/hort90034,Graduate coursework,12.5 credit points,"Offered Semester 1, 2024"
Population Mental Health,POPH90275,https://handbook.unimelb.edu.au/2024/subjects/poph90275,Graduate coursework,12.5 credit points,"Offered Semester 1, 2024"
The Print Room,AHIS90004,https://handbook.unimelb.edu.au/2024/subjects/ahis90004,Graduate coursework,12.5 credit points,"Offered Semester 1, 2024"
Advanced Cost Management,ABPL90129,https://handbook.unimelb.edu.au/2024/subjects/abpl90129,Graduate coursework,12.5 credit points,"Offered Semester 1, 2024"
Chemistry Research Project Pt 4,CHEM90035,https://handbook.unimelb.edu.au/2024/subjects/chem90035,Graduate coursework,12.5 credit points,"Offered Semester 1 (Early-Start), Semester 2 (Early-Start), 2024"
Diagnostic Radiology Minor Thesis 1,RADI90022,https://handbook.unimelb.edu.au/2024/subjects/radi90022,Graduate coursework,6.25 credit points,"Offered Semester 1, 2024"
Advanced Accounting 1,ACCT90044,https://handbook.unimelb.edu.au/2024/subjects/acct90044,Graduate coursework,12.5 credit points,"Offered Year Long, 2024"
Analysing Ecosystems and Their Values,ENST90044,https://handbook.unimelb.edu.au/2024/subjects/enst90044,Graduate coursework,12.5 credit points,"Offered Semester 1 (Early-Start), 2024"
Bioinformatics Research Project Pt 3,BINF90010,https://handbook.unimelb.edu.au/2024/subjects/binf90010,Graduate coursework,25 credit points,"Offered Semester 1 (Early-Start), Semester 2 (Early-Start), 2024"
Management Systems for Construction,CONS90001,https://handbook.unimelb.edu.au/2024/subjects/cons90001,Graduate coursework,12.5 credit points,"Offered Semester 2, 2024"
Cost Management,ABPL90312,https://handbook.unimelb.edu.au/2024/subjects/abpl90312,Graduate coursework,12.5 credit points,"Offered Semester 1, 2024"
Advances in Crop Monitoring Methods,AGRI90096,https://handbook.unimelb.edu.au/2024/subjects/agri90096,Graduate coursework,12.5 credit points,"Offered Semester 2, 2024"
French Cinema Research Seminar,FREN40001,https://handbook.unimelb.edu.au/2024/subjects/fren40001,Honours,12.5 credit points,Not offered in 2024
Arabic Studies Thesis Part 2,ARBC40008,https://handbook.unimelb.edu.au/2024/subjects/arbc40008,Honours,25 credit points,"Offered Semester 1, Semester 2, 2024"
Econometrics 2,ECOM90002,https://handbook.unimelb.edu.au/2024/subjects/ecom90002,Graduate coursework,12.5 credit points,"Offered Semester 1, Semester 2, 2024"
Designing Analytics Investigations,POPH90295,https://handbook.unimelb.edu.au/2024/subjects/poph90295,Graduate coursework,12.5 credit points,Not offered in 2024
Discovering Biomedicine,BIOM10001,https://handbook.unimelb.edu.au/2024/subjects/biom10001,Undergraduate Level 1,12.5 credit points,"Offered Semester 1, Semester 2, 2024"
Executive Management 3,BUSA90507,https://handbook.unimelb.edu.au/2024/subjects/busa90507,Graduate coursework,25 credit points,"Offered August, 2024"
Earth Sciences Research Project Pt1,ERTH90035,https://handbook.unimelb.edu.au/2024/subjects/erth90035,Graduate coursework,12.5 credit points,"Offered Semester 1 (Extended), Semester 2 (Extended), 2024"
Geography Research Project Part 1,GEOG90036,https://handbook.unimelb.edu.au/2024/subjects/geog90036,Graduate coursework,12.5 credit points,"Offered Semester 1 (Extended), Semester 2 (Extended), 2024"
Health Innovation & Improvement Project,NURS90002,https://handbook.unimelb.edu.au/2024/subjects/nurs90002,Graduate coursework,12.5 credit points,"Offered Year Long, 2024"
BioSciences Research Project Part 1,BIOL90007,https://handbook.unimelb.edu.au/2024/subjects/biol90007,Graduate coursework,50 credit points,"Offered Semester 1 (Extended), Semester 2 (Extended), 2024"
Special Topics in Early-Modern Art,AHIS40025,https://handbook.unimelb.edu.au/2024/subjects/ahis40025,Honours,12.5 credit points,"Offered Semester 2, 2024"
Ecosystem & Forest Science Research Pt2,ENST40007,https://handbook.unimelb.edu.au/2024/subjects/enst40007,Honours,50 credit points,"Offered Semester 1 (Early-Start), Semester 2 (Early-Start), 2024"
Applied Risk Management,FNCE90082,https://handbook.unimelb.edu.au/2024/subjects/fnce90082,Graduate coursework,12.5 credit points,"Offered Semester 1, Semester 2, 2024"
Research Project in Comp Biology Pt2,SCIE90022,https://handbook.unimelb.edu.au/2024/subjects/scie90022,Graduate coursework,12.5 credit points,"Offered Semester 1 (Extended), Semester 2 (Extended), 2024"
Generating the Wealth of Nations,ECON20013,https://handbook.unimelb.edu.au/2024/subjects/econ20013,Undergraduate Level 2,12.5 credit points,Not offered in 2024
Bioinformatics Research Project Pt 2,BINF90014,https://handbook.unimelb.edu.au/2024/subjects/binf90014,Graduate coursework,25 credit points,"Offered Semester 1 (Early-Start), Semester 2 (Early-Start), 2024"
Musical Perspectives,MUSI10230,https://handbook.unimelb.edu.au/2024/subjects/musi10230,Undergraduate Level 1,12.5 credit points,"Offered Semester 1, 2024"
Physics Research Project Pt1,PHYC40009,https://handbook.unimelb.edu.au/2024/subjects/phyc40009,Undergraduate Level 4,12.5 credit points,"Offered Semester 1 (Extended), Semester 2 (Extended), 2024"
Agricultural Genetics,AGRI10052,https://handbook.unimelb.edu.au/2024/subjects/agri10052,Undergraduate Level 1,12.5 credit points,"Offered Semester 2, 2024"
Criminology Thesis Part 1,CRIM40008,https://handbook.unimelb.edu.au/2024/subjects/crim40008,Honours,25 credit points,"Offered Semester 1, 2024"
Monetary Economics,ECON90011,https://handbook.unimelb.edu.au/2024/subjects/econ90011,Graduate coursework,12.5 credit points,"Offered Semester 2, 2024"
French Thesis Part 1,FREN40010,https://handbook.unimelb.edu.au/2024/subjects/fren40010,Honours,25 credit points,"Offered Semester 1, Semester 2, 2024"
Advanced Hydrological Solutions,ENEN90039,https://handbook.unimelb.edu.au/2024/subjects/enen90039,Graduate coursework,12.5 credit points,Not offered in 2024
Economic Design,ECON40006,https://handbook.unimelb.edu.au/2024/subjects/econ40006,Honours,12.5 credit points,Not offered in 2024
Regional Anaesthesia - Practical,MEDI90139,https://handbook.unimelb.edu.au/2024/subjects/medi90139,Graduate coursework,6.25 credit points,Not offered in 2024
Research and Evidence 1,PHTY90094,https://handbook.unimelb.edu.au/2024/subjects/phty90094,Graduate coursework,6.25 credit points,"Offered Semester 1 (Early-Start), 2024"
Financial Accounting Research,ACCT90019,https://handbook.unimelb.edu.au/2024/subjects/acct90019,Graduate coursework,12.5 credit points,"Offered Semester 1, 2024"
Particle Physics,PHYC90011,https://handbook.unimelb.edu.au/2024/subjects/phyc90011,Graduate coursework,12.5 credit points,"Offered Semester 2, 2024"
Study Design in Clinical Research,CLRS90011,https://handbook.unimelb.edu.au/2024/subjects/clrs90011,Graduate coursework,12.5 credit points,"Offered March, 2024"
Property Research and Analysis,ABPL90363,https://handbook.unimelb.edu.au/2024/subjects/abpl90363,Graduate coursework,12.5 credit points,"Offered Semester 1, 2024"
BioSciences Research Project Pt 4(Cont.),BIOL90034,https://handbook.unimelb.edu.au/2024/subjects/biol90034,Graduate coursework,37.5 credit points,"Offered Semester 1 (Extended), Semester 2 (Extended), 2024"
Animal Disease Biotechnology 2,ANSC30002,https://handbook.unimelb.edu.au/2024/subjects/ansc30002,Undergraduate Level 3,12.5 credit points,"Offered Semester 2, 2024"
Energy Systems Project,ENGR90031,https://handbook.unimelb.edu.au/2024/subjects/engr90031,Graduate coursework,25 credit points,"Offered Semester 1, Semester 2, 2024"
Aerospace Dynamics and Control,MCEN90045,https://handbook.unimelb.edu.au/2024/subjects/mcen90045,Graduate coursework,12.5 credit points,"Offered Semester 1, 2024"
Clinical Placement 1,PSYC90012,https://handbook.unimelb.edu.au/2024/subjects/psyc90012,Graduate coursework,12.5 credit points,"Offered Year Long, 2024"
Lean Construction,ABPL90414,https://handbook.unimelb.edu.au/2024/subjects/abpl90414,Graduate coursework,12.5 credit points,"Offered Semester 1, 2024"
BioSciences Research Project Pt 4(Cont.),BIOL90032,https://handbook.unimelb.edu.au/2024/subjects/biol90032,Graduate coursework,12.5 credit points,"Offered Semester 1 (Extended), Semester 2 (Extended), 2024"
Screen Thinking 1,FLTV90047,https://handbook.unimelb.edu.au/2024/subjects/fltv90047,Graduate coursework,12.5 credit points,"Offered Semester 1, 2024"
Design and Construction,ABPL90287,https://handbook.unimelb.edu.au/2024/subjects/abpl90287,Graduate coursework,12.5 credit points,"Offered Semester 2, 2024"
Chemical Engineering Thermodynamics,CHEN90007,https://handbook.unimelb.edu.au/2024/subjects/chen90007,Graduate coursework,12.5 credit points,"Offered Semester 1, 2024"
Musculoskeletal Ultrasound,MEDI90118,https://handbook.unimelb.edu.au/2024/subjects/medi90118,Graduate coursework,6.25 credit points,Not offered in 2024
Research Project B (Psych) Part 2,BMSC90034,https://handbook.unimelb.edu.au/2024/subjects/bmsc90034,Graduate coursework,50 credit points,"Offered Semester 1 (Early-Start), Semester 2 (Early-Start), 2024"
Dance Lab 1: Studio Practices,DNCE10030,https://handbook.unimelb.edu.au/2024/subjects/dnce10030,Undergraduate Level 1,18.75 credit points,"Offered Semester 1, 2024"
Computational Geotechnical Engineering,CVEN90074,https://handbook.unimelb.edu.au/2024/subjects/cven90074,Graduate coursework,12.5 credit points,"Offered Semester 1, 2024"
Korean 5,KORE10005,https://handbook.unimelb.edu.au/2024/subjects/kore10005,Undergraduate Level 1,12.5 credit points,"Offered Semester 1, 2024"
Physiotherapy Research in Practice,PHTY40012,https://handbook.unimelb.edu.au/2024/subjects/phty40012,Honours,12.5 credit points,"Offered Semester 1, 2024"
Translating in a Chinese Context,TRAN90008,https://handbook.unimelb.edu.au/2024/subjects/tran90008,Graduate coursework,12.5 credit points,"Offered Semester 1, 2024"
Earth Sciences Research Project Pt 6,ERTH90065,https://handbook.unimelb.edu.au/2024/subjects/erth90065,Graduate coursework,37.5 credit points,Not offered in 2024
World Economic History,ECON90056,https://handbook.unimelb.edu.au/2024/subjects/econ90056,Graduate coursework,12.5 credit points,"Offered Semester 2, 2024"
Language Assessment,LING90009,https://handbook.unimelb.edu.au/2024/subjects/ling90009,Graduate coursework,12.5 credit points,"Offered Semester 1, 2024"
Nursing Science 3,NURS90052,https://handbook.unimelb.edu.au/2024/subjects/nurs90052,Graduate coursework,12.5 credit points,"Offered Semester 1, 2024"
Clinical Elective,MEDS90027,https://handbook.unimelb.edu.au/2024/subjects/meds90027,Graduate coursework,0 credit points,"Offered May, November, 2024"
Exploring Neural Circuits and Systems,BMSC90020,https://handbook.unimelb.edu.au/2024/subjects/bmsc90020,Graduate coursework,12.5 credit points,"Offered Semester 1, 2024"
Music Theatre Studio 3,MUST20013,https://handbook.unimelb.edu.au/2024/subjects/must20013,Undergraduate Level 2,25 credit points,"Offered Semester 1 (Early-Start), 2024"
Screen Practice 3B,FLTV30027,https://handbook.unimelb.edu.au/2024/subjects/fltv30027,Undergraduate Level 3,37.5 credit points,"Offered Semester 2 (Early-Start), 2024"
Professional Practice - Part 2,POPH90287,https://handbook.unimelb.edu.au/2024/subjects/poph90287,Graduate coursework,12.5 credit points,"Offered Semester 1, Semester 2, 2024"
Topics in Japanese Studies,JAPN40003,https://handbook.unimelb.edu.au/2024/subjects/japn40003,Honours,12.5 credit points,"Offered Semester 1, 2024"
Principles of Medicine & Surgery 3 PtA,VETS90056,https://handbook.unimelb.edu.au/2024/subjects/vets90056,Graduate coursework,6.25 credit points,"Offered Semester 1 (Extended), Semester 2 (Extended), 2024"
Research Project in Comp Biol Pt2(cont.),SCIE90033,https://handbook.unimelb.edu.au/2024/subjects/scie90033,Graduate coursework,12.5 credit points,"Offered Semester 1 (Extended), Semester 2 (Extended), 2024"
Advanced Clinical Practice 1,DENT90035,https://handbook.unimelb.edu.au/2024/subjects/dent90035,Graduate coursework,25 credit points,"Offered Year Long, 2024"
Introduction to Action Research,ARTS90003,https://handbook.unimelb.edu.au/2024/subjects/arts90003,Graduate coursework,6.25 credit points,"Offered Semester 2, 2024"
Ecosystem & Forest Science Research Pt1,ENST40003,https://handbook.unimelb.edu.au/2024/subjects/enst40003,Honours,37.5 credit points,"Offered Semester 1 (Extended), Semester 2 (Extended), 2024"
Business Tools: Money People & Processes,BUSA90403,https://handbook.unimelb.edu.au/2024/subjects/busa90403,Graduate coursework,12.5 credit points,"Offered September, 2024"
Fundamentals of Portfolio Management,FNCE90051,https://handbook.unimelb.edu.au/2024/subjects/fnce90051,Graduate coursework,12.5 credit points,"Offered June, 2024"
M.Epidemiology Research Project Part 2,POPH90277,https://handbook.unimelb.edu.au/2024/subjects/poph90277,Graduate coursework,12.5 credit points,"Offered Semester 1, Semester 2, 2024"
Agric.Science Research Project Part 1,AGRI40017,https://handbook.unimelb.edu.au/2024/subjects/agri40017,Honours,25 credit points,"Offered Semester 1 (Extended), 2024"
Advanced Clinical Skills 1 Part A,VETS90046,https://handbook.unimelb.edu.au/2024/subjects/vets90046,Graduate coursework,18.75 credit points,"Offered Semester 1 (Extended), Semester 2 (Extended), 2024"
Research in Management Accounting,ACCT40002,https://handbook.unimelb.edu.au/2024/subjects/acct40002,Honours,12.5 credit points,"Offered Semester 1, 2024"
Screen Thinking 2,FLTV90048,https://handbook.unimelb.edu.au/2024/subjects/fltv90048,Graduate coursework,12.5 credit points,"Offered Semester 2, 2024"
Leadership in Clinical Education,EDUC90836,https://handbook.unimelb.edu.au/2024/subjects/educ90836,Graduate coursework,12.5 credit points,"Offered March, 2024"
Earth Sciences Research Project Pt 5,ERTH90056,https://handbook.unimelb.edu.au/2024/subjects/erth90056,Graduate coursework,25 credit points,"Offered Semester 1 (Early-Start), Semester 2 (Early-Start), 2024"
Advances in Oral Health Research,DENT40003,https://handbook.unimelb.edu.au/2024/subjects/dent40003,Honours,12.5 credit points,"Offered Semester 1, Semester 2, 2024"
Agriculture Discovery,AGRI10053,https://handbook.unimelb.edu.au/2024/subjects/agri10053,Undergraduate Level 1,0 credit points,"Offered February, 2024"
Child Public Health,PAED90005,https://handbook.unimelb.edu.au/2024/subjects/paed90005,Graduate coursework,12.5 credit points,"Offered July, 2024"
Computer Science Research Project Part 4,COMP90081,https://handbook.unimelb.edu.au/2024/subjects/comp90081,Graduate coursework,25 credit points,"Offered Semester 1 (Early-Start), Semester 2 (Early-Start), 2024"
Behaviour of Farm & Companion Animals,ANSC90005,https://handbook.unimelb.edu.au/2024/subjects/ansc90005,Graduate coursework,12.5 credit points,"Offered May, 2024"
LAL Thesis Part 1,LING40015,https://handbook.unimelb.edu.au/2024/subjects/ling40015,Honours,25 credit points,"Offered Semester 1, Semester 2, 2024"
The Eye and Vision: A Window to Disease,OPTO90018,https://handbook.unimelb.edu.au/2024/subjects/opto90018,Graduate coursework,12.5 credit points,"Offered Semester 1, 2024"
Spanish & Latin American Thesis Part 1,SPAN40007,https://handbook.unimelb.edu.au/2024/subjects/span40007,Honours,25 credit points,"Offered Semester 1, Semester 2, 2024"
Chemistry Research Project Pt 2,CHEM90028,https://handbook.unimelb.edu.au/2024/subjects/chem90028,Graduate coursework,25 credit points,"Offered Semester 1 (Extended), Semester 2 (Extended), 2024"
Asian Studies Thesis Part 1,ASIA40004,https://handbook.unimelb.edu.au/2024/subjects/asia40004,Honours,25 credit points,"Offered Semester 1, Semester 2, 2024"
Japanese Thesis Part 2,JAPN40009,https://handbook.unimelb.edu.au/2024/subjects/japn40009,Honours,25 credit points,"Offered Semester 1, Semester 2, 2024"
Professional Psychology Skills 1,PSYC90113,https://handbook.unimelb.edu.au/2024/subjects/psyc90113,Graduate coursework,18.75 credit points,"Offered Semester 2, 2024"
Property Law (PG),ABPL90041,https://handbook.unimelb.edu.au/2024/subjects/abpl90041,Graduate coursework,12.5 credit points,"Offered Semester 1, 2024"
Australian Agriculture,AGRI90097,https://handbook.unimelb.edu.au/2024/subjects/agri90097,Graduate coursework,12.5 credit points,"Offered February, 2024"
Chemistry Research Project Pt 1,CHEM90023,https://handbook.unimelb.edu.au/2024/subjects/chem90023,Graduate coursework,12.5 credit points,"Offered Semester 1 (Extended), Semester 2 (Extended), 2024"
Professionalism and Clinical Processes B,AUDI90056,https://handbook.unimelb.edu.au/2024/subjects/audi90056,Graduate coursework,12.5 credit points,"Offered Semester 2, 2024"
Research Studies in Vision and Optometry,OPTO90025,https://handbook.unimelb.edu.au/2024/subjects/opto90025,Graduate coursework,25 credit points,"Offered Year Long, 2024"
Info Systems Capstone Research Proj Pt 1,ISYS90109,https://handbook.unimelb.edu.au/2024/subjects/isys90109,Graduate coursework,12.5 credit points,"Offered Semester 1 (Extended), Semester 2 (Extended), 2024"
Special Topics in Finance B,FNCE90044,https://handbook.unimelb.edu.au/2024/subjects/fnce90044,Graduate coursework,6.25 credit points,"Offered April, 2024"
Chemistry Research Project Pt 3,CHEM90031,https://handbook.unimelb.edu.au/2024/subjects/chem90031,Graduate coursework,12.5 credit points,"Offered Semester 1 (Extended), Semester 2 (Extended), 2024"
Inter-disciplinary Project,DNCE30027,https://handbook.unimelb.edu.au/2024/subjects/dnce30027,Undergraduate Level 3,25 credit points,"Offered Semester 1, 2024"
Research Project B (MMS) Part 1,BMSC90029,https://handbook.unimelb.edu.au/2024/subjects/bmsc90029,Graduate coursework,37.5 credit points,"Offered Semester 1 (Extended), Semester 2 (Extended), 2024"
